"filename", "language", "Properties", "JavaScript", "JSON", "HTML", "Vue", "XML", "Docker", "SCSS", "JSON with Comments", "CSS", "TypeScript", "Markdown", "comment", "blank", "total"
"d:\APractce\MALL\mall4v-master\.eslintrc-auto-import.json", "JSON", 0, 0, 94, 0, 0, 0, 0, 0, 0, 0, 0, 0, 0, 0, 94
"d:\APractce\MALL\mall4v-master\.eslintrc.cjs", "JavaScript", 0, 58, 0, 0, 0, 0, 0, 0, 0, 0, 0, 0, 19, 3, 80
"d:\APractce\MALL\mall4v-master\Dockerfile", "Docker", 0, 0, 0, 0, 0, 0, 3, 0, 0, 0, 0, 0, 0, 0, 3
"d:\APractce\MALL\mall4v-master\README.md", "Markdown", 0, 0, 0, 0, 0, 0, 0, 0, 0, 0, 0, 47, 0, 44, 91
"d:\APractce\MALL\mall4v-master\index.html", "HTML", 0, 0, 0, 16, 0, 0, 0, 0, 0, 0, 0, 0, 0, 1, 17
"d:\APractce\MALL\mall4v-master\nginx.conf", "Properties", 17, 0, 0, 0, 0, 0, 0, 0, 0, 0, 0, 0, 0, 6, 23
"d:\APractce\MALL\mall4v-master\package.json", "JSON", 0, 0, 66, 0, 0, 0, 0, 0, 0, 0, 0, 0, 0, 1, 67
"d:\APractce\MALL\mall4v-master\public\static\js\tinymce\js\tinymce\icons\default\icons.min.js", "JavaScript", 0, 1, 0, 0, 0, 0, 0, 0, 0, 0, 0, 0, 0, 0, 1
"d:\APractce\MALL\mall4v-master\public\static\js\tinymce\js\tinymce\jquery.tinymce.min.js", "JavaScript", 0, 34, 0, 0, 0, 0, 0, 0, 0, 0, 0, 0, 57, 0, 91
"d:\APractce\MALL\mall4v-master\public\static\js\tinymce\js\tinymce\langs\README.md", "Markdown", 0, 0, 0, 0, 0, 0, 0, 0, 0, 0, 0, 2, 0, 2, 4
"d:\APractce\MALL\mall4v-master\public\static\js\tinymce\js\tinymce\langs\zh_CN.js", "JavaScript", 0, 261, 0, 0, 0, 0, 0, 0, 0, 0, 0, 0, 0, 0, 261
"d:\APractce\MALL\mall4v-master\public\static\js\tinymce\js\tinymce\plugins\advlist\plugin.min.js", "JavaScript", 0, 1, 0, 0, 0, 0, 0, 0, 0, 0, 0, 0, 8, 0, 9
"d:\APractce\MALL\mall4v-master\public\static\js\tinymce\js\tinymce\plugins\anchor\plugin.min.js", "JavaScript", 0, 1, 0, 0, 0, 0, 0, 0, 0, 0, 0, 0, 8, 0, 9
"d:\APractce\MALL\mall4v-master\public\static\js\tinymce\js\tinymce\plugins\autolink\plugin.min.js", "JavaScript", 0, 1, 0, 0, 0, 0, 0, 0, 0, 0, 0, 0, 8, 0, 9
"d:\APractce\MALL\mall4v-master\public\static\js\tinymce\js\tinymce\plugins\autoresize\plugin.min.js", "JavaScript", 0, 1, 0, 0, 0, 0, 0, 0, 0, 0, 0, 0, 8, 0, 9
"d:\APractce\MALL\mall4v-master\public\static\js\tinymce\js\tinymce\plugins\autosave\plugin.min.js", "JavaScript", 0, 1, 0, 0, 0, 0, 0, 0, 0, 0, 0, 0, 8, 0, 9
"d:\APractce\MALL\mall4v-master\public\static\js\tinymce\js\tinymce\plugins\bbcode\plugin.min.js", "JavaScript", 0, 1, 0, 0, 0, 0, 0, 0, 0, 0, 0, 0, 8, 0, 9
"d:\APractce\MALL\mall4v-master\public\static\js\tinymce\js\tinymce\plugins\charmap\plugin.min.js", "JavaScript", 0, 1, 0, 0, 0, 0, 0, 0, 0, 0, 0, 0, 8, 0, 9
"d:\APractce\MALL\mall4v-master\public\static\js\tinymce\js\tinymce\plugins\code\plugin.min.js", "JavaScript", 0, 1, 0, 0, 0, 0, 0, 0, 0, 0, 0, 0, 8, 0, 9
"d:\APractce\MALL\mall4v-master\public\static\js\tinymce\js\tinymce\plugins\codesample\plugin.min.js", "JavaScript", 0, 1, 0, 0, 0, 0, 0, 0, 0, 0, 0, 0, 8, 0, 9
"d:\APractce\MALL\mall4v-master\public\static\js\tinymce\js\tinymce\plugins\colorpicker\plugin.min.js", "JavaScript", 0, 1, 0, 0, 0, 0, 0, 0, 0, 0, 0, 0, 8, 0, 9
"d:\APractce\MALL\mall4v-master\public\static\js\tinymce\js\tinymce\plugins\contextmenu\plugin.min.js", "JavaScript", 0, 1, 0, 0, 0, 0, 0, 0, 0, 0, 0, 0, 8, 0, 9
"d:\APractce\MALL\mall4v-master\public\static\js\tinymce\js\tinymce\plugins\directionality\plugin.min.js", "JavaScript", 0, 1, 0, 0, 0, 0, 0, 0, 0, 0, 0, 0, 8, 0, 9
"d:\APractce\MALL\mall4v-master\public\static\js\tinymce\js\tinymce\plugins\emoticons\js\emojiimages.js", "JavaScript", 0, 9422, 0, 0, 0, 0, 0, 0, 0, 0, 0, 0, 2, 0, 9424
"d:\APractce\MALL\mall4v-master\public\static\js\tinymce\js\tinymce\plugins\emoticons\js\emojiimages.min.js", "JavaScript", 0, 1, 0, 0, 0, 0, 0, 0, 0, 0, 0, 0, 2, 0, 3
"d:\APractce\MALL\mall4v-master\public\static\js\tinymce\js\tinymce\plugins\emoticons\js\emojis.js", "JavaScript", 0, 9422, 0, 0, 0, 0, 0, 0, 0, 0, 0, 0, 1, 0, 9423
"d:\APractce\MALL\mall4v-master\public\static\js\tinymce\js\tinymce\plugins\emoticons\js\emojis.min.js", "JavaScript", 0, 1, 0, 0, 0, 0, 0, 0, 0, 0, 0, 0, 1, 0, 2
"d:\APractce\MALL\mall4v-master\public\static\js\tinymce\js\tinymce\plugins\emoticons\plugin.min.js", "JavaScript", 0, 1, 0, 0, 0, 0, 0, 0, 0, 0, 0, 0, 8, 0, 9
"d:\APractce\MALL\mall4v-master\public\static\js\tinymce\js\tinymce\plugins\fullpage\plugin.min.js", "JavaScript", 0, 1, 0, 0, 0, 0, 0, 0, 0, 0, 0, 0, 8, 0, 9
"d:\APractce\MALL\mall4v-master\public\static\js\tinymce\js\tinymce\plugins\fullscreen\plugin.min.js", "JavaScript", 0, 1, 0, 0, 0, 0, 0, 0, 0, 0, 0, 0, 8, 0, 9
"d:\APractce\MALL\mall4v-master\public\static\js\tinymce\js\tinymce\plugins\help\plugin.min.js", "JavaScript", 0, 1, 0, 0, 0, 0, 0, 0, 0, 0, 0, 0, 8, 0, 9
"d:\APractce\MALL\mall4v-master\public\static\js\tinymce\js\tinymce\plugins\hr\plugin.min.js", "JavaScript", 0, 1, 0, 0, 0, 0, 0, 0, 0, 0, 0, 0, 8, 0, 9
"d:\APractce\MALL\mall4v-master\public\static\js\tinymce\js\tinymce\plugins\image\plugin.min.js", "JavaScript", 0, 1, 0, 0, 0, 0, 0, 0, 0, 0, 0, 0, 8, 0, 9
"d:\APractce\MALL\mall4v-master\public\static\js\tinymce\js\tinymce\plugins\imagetools\plugin.min.js", "JavaScript", 0, 1, 0, 0, 0, 0, 0, 0, 0, 0, 0, 0, 8, 0, 9
"d:\APractce\MALL\mall4v-master\public\static\js\tinymce\js\tinymce\plugins\importcss\plugin.min.js", "JavaScript", 0, 1, 0, 0, 0, 0, 0, 0, 0, 0, 0, 0, 8, 0, 9
"d:\APractce\MALL\mall4v-master\public\static\js\tinymce\js\tinymce\plugins\insertdatetime\plugin.min.js", "JavaScript", 0, 1, 0, 0, 0, 0, 0, 0, 0, 0, 0, 0, 8, 0, 9
"d:\APractce\MALL\mall4v-master\public\static\js\tinymce\js\tinymce\plugins\legacyoutput\plugin.min.js", "JavaScript", 0, 1, 0, 0, 0, 0, 0, 0, 0, 0, 0, 0, 8, 0, 9
"d:\APractce\MALL\mall4v-master\public\static\js\tinymce\js\tinymce\plugins\link\plugin.min.js", "JavaScript", 0, 1, 0, 0, 0, 0, 0, 0, 0, 0, 0, 0, 8, 0, 9
"d:\APractce\MALL\mall4v-master\public\static\js\tinymce\js\tinymce\plugins\lists\plugin.min.js", "JavaScript", 0, 1, 0, 0, 0, 0, 0, 0, 0, 0, 0, 0, 8, 0, 9
"d:\APractce\MALL\mall4v-master\public\static\js\tinymce\js\tinymce\plugins\media\plugin.min.js", "JavaScript", 0, 1, 0, 0, 0, 0, 0, 0, 0, 0, 0, 0, 8, 0, 9
"d:\APractce\MALL\mall4v-master\public\static\js\tinymce\js\tinymce\plugins\nonbreaking\plugin.min.js", "JavaScript", 0, 1, 0, 0, 0, 0, 0, 0, 0, 0, 0, 0, 8, 0, 9
"d:\APractce\MALL\mall4v-master\public\static\js\tinymce\js\tinymce\plugins\noneditable\plugin.min.js", "JavaScript", 0, 1, 0, 0, 0, 0, 0, 0, 0, 0, 0, 0, 8, 0, 9
"d:\APractce\MALL\mall4v-master\public\static\js\tinymce\js\tinymce\plugins\pagebreak\plugin.min.js", "JavaScript", 0, 1, 0, 0, 0, 0, 0, 0, 0, 0, 0, 0, 8, 0, 9
"d:\APractce\MALL\mall4v-master\public\static\js\tinymce\js\tinymce\plugins\paste\plugin.min.js", "JavaScript", 0, 1, 0, 0, 0, 0, 0, 0, 0, 0, 0, 0, 8, 0, 9
"d:\APractce\MALL\mall4v-master\public\static\js\tinymce\js\tinymce\plugins\preview\plugin.min.js", "JavaScript", 0, 1, 0, 0, 0, 0, 0, 0, 0, 0, 0, 0, 8, 0, 9
"d:\APractce\MALL\mall4v-master\public\static\js\tinymce\js\tinymce\plugins\print\plugin.min.js", "JavaScript", 0, 1, 0, 0, 0, 0, 0, 0, 0, 0, 0, 0, 8, 0, 9
"d:\APractce\MALL\mall4v-master\public\static\js\tinymce\js\tinymce\plugins\quickbars\plugin.min.js", "JavaScript", 0, 1, 0, 0, 0, 0, 0, 0, 0, 0, 0, 0, 8, 0, 9
"d:\APractce\MALL\mall4v-master\public\static\js\tinymce\js\tinymce\plugins\save\plugin.min.js", "JavaScript", 0, 1, 0, 0, 0, 0, 0, 0, 0, 0, 0, 0, 8, 0, 9
"d:\APractce\MALL\mall4v-master\public\static\js\tinymce\js\tinymce\plugins\searchreplace\plugin.min.js", "JavaScript", 0, 1, 0, 0, 0, 0, 0, 0, 0, 0, 0, 0, 8, 0, 9
"d:\APractce\MALL\mall4v-master\public\static\js\tinymce\js\tinymce\plugins\spellchecker\plugin.min.js", "JavaScript", 0, 1, 0, 0, 0, 0, 0, 0, 0, 0, 0, 0, 8, 0, 9
"d:\APractce\MALL\mall4v-master\public\static\js\tinymce\js\tinymce\plugins\tabfocus\plugin.min.js", "JavaScript", 0, 1, 0, 0, 0, 0, 0, 0, 0, 0, 0, 0, 8, 0, 9
"d:\APractce\MALL\mall4v-master\public\static\js\tinymce\js\tinymce\plugins\table\plugin.min.js", "JavaScript", 0, 1, 0, 0, 0, 0, 0, 0, 0, 0, 0, 0, 8, 0, 9
"d:\APractce\MALL\mall4v-master\public\static\js\tinymce\js\tinymce\plugins\template\plugin.min.js", "JavaScript", 0, 1, 0, 0, 0, 0, 0, 0, 0, 0, 0, 0, 8, 0, 9
"d:\APractce\MALL\mall4v-master\public\static\js\tinymce\js\tinymce\plugins\textcolor\plugin.min.js", "JavaScript", 0, 1, 0, 0, 0, 0, 0, 0, 0, 0, 0, 0, 8, 0, 9
"d:\APractce\MALL\mall4v-master\public\static\js\tinymce\js\tinymce\plugins\textpattern\plugin.min.js", "JavaScript", 0, 1, 0, 0, 0, 0, 0, 0, 0, 0, 0, 0, 8, 0, 9
"d:\APractce\MALL\mall4v-master\public\static\js\tinymce\js\tinymce\plugins\toc\plugin.min.js", "JavaScript", 0, 1, 0, 0, 0, 0, 0, 0, 0, 0, 0, 0, 8, 0, 9
"d:\APractce\MALL\mall4v-master\public\static\js\tinymce\js\tinymce\plugins\visualblocks\plugin.min.js", "JavaScript", 0, 1, 0, 0, 0, 0, 0, 0, 0, 0, 0, 0, 8, 0, 9
"d:\APractce\MALL\mall4v-master\public\static\js\tinymce\js\tinymce\plugins\visualchars\plugin.min.js", "JavaScript", 0, 1, 0, 0, 0, 0, 0, 0, 0, 0, 0, 0, 8, 0, 9
"d:\APractce\MALL\mall4v-master\public\static\js\tinymce\js\tinymce\plugins\wordcount\plugin.min.js", "JavaScript", 0, 1, 0, 0, 0, 0, 0, 0, 0, 0, 0, 0, 8, 0, 9
"d:\APractce\MALL\mall4v-master\public\static\js\tinymce\js\tinymce\skins\content\dark\content.min.css", "CSS", 0, 0, 0, 0, 0, 0, 0, 0, 0, 1, 0, 0, 6, 1, 8
"d:\APractce\MALL\mall4v-master\public\static\js\tinymce\js\tinymce\skins\content\default\content.min.css", "CSS", 0, 0, 0, 0, 0, 0, 0, 0, 0, 1, 0, 0, 6, 1, 8
"d:\APractce\MALL\mall4v-master\public\static\js\tinymce\js\tinymce\skins\content\document\content.min.css", "CSS", 0, 0, 0, 0, 0, 0, 0, 0, 0, 1, 0, 0, 6, 1, 8
"d:\APractce\MALL\mall4v-master\public\static\js\tinymce\js\tinymce\skins\content\writer\content.min.css", "CSS", 0, 0, 0, 0, 0, 0, 0, 0, 0, 1, 0, 0, 6, 1, 8
"d:\APractce\MALL\mall4v-master\public\static\js\tinymce\js\tinymce\skins\ui\oxide-dark\content.inline.min.css", "CSS", 0, 0, 0, 0, 0, 0, 0, 0, 0, 1, 0, 0, 6, 1, 8
"d:\APractce\MALL\mall4v-master\public\static\js\tinymce\js\tinymce\skins\ui\oxide-dark\content.min.css", "CSS", 0, 0, 0, 0, 0, 0, 0, 0, 0, 1, 0, 0, 6, 1, 8
"d:\APractce\MALL\mall4v-master\public\static\js\tinymce\js\tinymce\skins\ui\oxide-dark\content.mobile.min.css", "CSS", 0, 0, 0, 0, 0, 0, 0, 0, 0, 1, 0, 0, 6, 1, 8
"d:\APractce\MALL\mall4v-master\public\static\js\tinymce\js\tinymce\skins\ui\oxide-dark\skin.min.css", "CSS", 0, 0, 0, 0, 0, 0, 0, 0, 0, 1, 0, 0, 6, 1, 8
"d:\APractce\MALL\mall4v-master\public\static\js\tinymce\js\tinymce\skins\ui\oxide-dark\skin.mobile.min.css", "CSS", 0, 0, 0, 0, 0, 0, 0, 0, 0, 1, 0, 0, 6, 1, 8
"d:\APractce\MALL\mall4v-master\public\static\js\tinymce\js\tinymce\skins\ui\oxide-dark\skin.shadowdom.min.css", "CSS", 0, 0, 0, 0, 0, 0, 0, 0, 0, 1, 0, 0, 6, 1, 8
"d:\APractce\MALL\mall4v-master\public\static\js\tinymce\js\tinymce\skins\ui\oxide\content.inline.min.css", "CSS", 0, 0, 0, 0, 0, 0, 0, 0, 0, 2, 0, 0, 6, 1, 9
"d:\APractce\MALL\mall4v-master\public\static\js\tinymce\js\tinymce\skins\ui\oxide\content.min.css", "CSS", 0, 0, 0, 0, 0, 0, 0, 0, 0, 1, 0, 0, 6, 1, 8
"d:\APractce\MALL\mall4v-master\public\static\js\tinymce\js\tinymce\skins\ui\oxide\content.mobile.min.css", "CSS", 0, 0, 0, 0, 0, 0, 0, 0, 0, 1, 0, 0, 6, 1, 8
"d:\APractce\MALL\mall4v-master\public\static\js\tinymce\js\tinymce\skins\ui\oxide\skin.min.css", "CSS", 0, 0, 0, 0, 0, 0, 0, 0, 0, 1, 0, 0, 6, 1, 8
"d:\APractce\MALL\mall4v-master\public\static\js\tinymce\js\tinymce\skins\ui\oxide\skin.mobile.min.css", "CSS", 0, 0, 0, 0, 0, 0, 0, 0, 0, 1, 0, 0, 6, 1, 8
"d:\APractce\MALL\mall4v-master\public\static\js\tinymce\js\tinymce\skins\ui\oxide\skin.shadowdom.min.css", "CSS", 0, 0, 0, 0, 0, 0, 0, 0, 0, 1, 0, 0, 6, 1, 8
"d:\APractce\MALL\mall4v-master\public\static\js\tinymce\js\tinymce\themes\mobile\theme.min.js", "JavaScript", 0, 1, 0, 0, 0, 0, 0, 0, 0, 0, 0, 0, 8, 0, 9
"d:\APractce\MALL\mall4v-master\public\static\js\tinymce\js\tinymce\themes\silver\theme.min.js", "JavaScript", 0, 1, 0, 0, 0, 0, 0, 0, 0, 0, 0, 0, 8, 0, 9
"d:\APractce\MALL\mall4v-master\public\static\js\tinymce\js\tinymce\tinymce.d.ts", "TypeScript", 0, 0, 0, 0, 0, 0, 0, 0, 0, 0, 3036, 0, 0, 1, 3037
"d:\APractce\MALL\mall4v-master\public\static\js\tinymce\js\tinymce\tinymce.min.js", "JavaScript", 0, 1, 0, 0, 0, 0, 0, 0, 0, 0, 0, 0, 8, 0, 9
"d:\APractce\MALL\mall4v-master\shopAdmin\index.html", "HTML", 0, 0, 0, 65, 0, 0, 0, 0, 0, 0, 0, 0, 0, 2, 67
"d:\APractce\MALL\mall4v-master\shopAdmin\static\css\404-44f0d22f.css", "CSS", 0, 0, 0, 0, 0, 0, 0, 0, 0, 1, 0, 0, 0, 1, 2
"d:\APractce\MALL\mall4v-master\shopAdmin\static\css\@smallwei_avue@3.5.6_element-plus@2.3.6_vue@3.2-60b651f6.css", "CSS", 0, 0, 0, 0, 0, 0, 0, 0, 0, 1, 0, 0, 0, 1, 2
"d:\APractce\MALL\mall4v-master\shopAdmin\static\css\element-plus@2.3.6_vue@3.2-43c408be.css", "CSS", 0, 0, 0, 0, 0, 0, 0, 0, 0, 1, 0, 0, 0, 1, 2
"d:\APractce\MALL\mall4v-master\shopAdmin\static\css\index-0711c985.css", "CSS", 0, 0, 0, 0, 0, 0, 0, 0, 0, 1, 0, 0, 0, 1, 2
"d:\APractce\MALL\mall4v-master\shopAdmin\static\css\index-1de91be7.css", "CSS", 0, 0, 0, 0, 0, 0, 0, 0, 0, 1, 0, 0, 0, 1, 2
"d:\APractce\MALL\mall4v-master\shopAdmin\static\css\index-2b945069.css", "CSS", 0, 0, 0, 0, 0, 0, 0, 0, 0, 1, 0, 0, 0, 1, 2
"d:\APractce\MALL\mall4v-master\shopAdmin\static\css\index-82581038.css", "CSS", 0, 0, 0, 0, 0, 0, 0, 0, 0, 1, 0, 0, 0, 1, 2
"d:\APractce\MALL\mall4v-master\shopAdmin\static\css\index-91c03e95.css", "CSS", 0, 0, 0, 0, 0, 0, 0, 0, 0, 1, 0, 0, 0, 1, 2
"d:\APractce\MALL\mall4v-master\shopAdmin\static\css\index-985b008c.css", "CSS", 0, 0, 0, 0, 0, 0, 0, 0, 0, 1, 0, 0, 0, 1, 2
"d:\APractce\MALL\mall4v-master\shopAdmin\static\css\index-a00061ea.css", "CSS", 0, 0, 0, 0, 0, 0, 0, 0, 0, 1, 0, 0, 0, 1, 2
"d:\APractce\MALL\mall4v-master\shopAdmin\static\css\index-a46a9356.css", "CSS", 0, 0, 0, 0, 0, 0, 0, 0, 0, 1, 0, 0, 0, 1, 2
"d:\APractce\MALL\mall4v-master\shopAdmin\static\css\index-e1138700.css", "CSS", 0, 0, 0, 0, 0, 0, 0, 0, 0, 1, 0, 0, 0, 1, 2
"d:\APractce\MALL\mall4v-master\shopAdmin\static\css\index-e3574190.css", "CSS", 0, 0, 0, 0, 0, 0, 0, 0, 0, 1, 0, 0, 0, 1, 2
"d:\APractce\MALL\mall4v-master\shopAdmin\static\css\index-ffeea538.css", "CSS", 0, 0, 0, 0, 0, 0, 0, 0, 0, 1, 0, 0, 0, 1, 2
"d:\APractce\MALL\mall4v-master\shopAdmin\static\js\404-7ea6d39f.js", "JavaScript", 0, 1, 0, 0, 0, 0, 0, 0, 0, 0, 0, 0, 0, 1, 2
"d:\APractce\MALL\mall4v-master\shopAdmin\static\js\@ctrl_tinycolor@3.6.1-93e5f6fc.js", "JavaScript", 0, 1, 0, 0, 0, 0, 0, 0, 0, 0, 0, 0, 0, 1, 2
"d:\APractce\MALL\mall4v-master\shopAdmin\static\js\@element-plus_icons-vue@2.1.0_vue@3.2.47-c959b2bd.js", "JavaScript", 0, 1, 0, 0, 0, 0, 0, 0, 0, 0, 0, 0, 0, 1, 2
"d:\APractce\MALL\mall4v-master\shopAdmin\static\js\@floating-ui_core@1.6.8-010b5758.js", "JavaScript", 0, 1, 0, 0, 0, 0, 0, 0, 0, 0, 0, 0, 0, 1, 2
"d:\APractce\MALL\mall4v-master\shopAdmin\static\js\@floating-ui_dom@1.6.12-11ac7818.js", "JavaScript", 0, 1, 0, 0, 0, 0, 0, 0, 0, 0, 0, 0, 0, 1, 2
"d:\APractce\MALL\mall4v-master\shopAdmin\static\js\@floating-ui_utils@0.2.8-6db9c233.js", "JavaScript", 0, 1, 0, 0, 0, 0, 0, 0, 0, 0, 0, 0, 0, 1, 2
"d:\APractce\MALL\mall4v-master\shopAdmin\static\js\@smallwei_avue@3.5.6_element-plus@2.3.6_vue@3.2.47-c4df20a4.js", "JavaScript", 0, 13, 0, 0, 0, 0, 0, 0, 0, 0, 0, 0, 4, 1, 18
"d:\APractce\MALL\mall4v-master\shopAdmin\static\js\@sxzz_popperjs-es@2.11.7-eb0a044a.js", "JavaScript", 0, 1, 0, 0, 0, 0, 0, 0, 0, 0, 0, 0, 0, 1, 2
"d:\APractce\MALL\mall4v-master\shopAdmin\static\js\@vue-eb92069c.js", "JavaScript", 0, 2, 0, 0, 0, 0, 0, 0, 0, 0, 0, 0, 0, 1, 3
"d:\APractce\MALL\mall4v-master\shopAdmin\static\js\@vue_devtools-api@6.6.4-4ed993c7.js", "JavaScript", 0, 0, 0, 0, 0, 0, 0, 0, 0, 0, 0, 0, 0, 2, 2
"d:\APractce\MALL\mall4v-master\shopAdmin\static\js\@vue_reactivity@3.2.47-b35eb3c0.js", "JavaScript", 0, 1, 0, 0, 0, 0, 0, 0, 0, 0, 0, 0, 0, 1, 2
"d:\APractce\MALL\mall4v-master\shopAdmin\static\js\@vue_runtime-core@3.2.47-7772318f.js", "JavaScript", 0, 1, 0, 0, 0, 0, 0, 0, 0, 0, 0, 0, 0, 1, 2
"d:\APractce\MALL\mall4v-master\shopAdmin\static\js\@vue_runtime-dom@3.2.47-65c92196.js", "JavaScript", 0, 1, 0, 0, 0, 0, 0, 0, 0, 0, 0, 0, 0, 1, 2
"d:\APractce\MALL\mall4v-master\shopAdmin\static\js\@vue_shared@3.2.47-804b7488.js", "JavaScript", 0, 1, 0, 0, 0, 0, 0, 0, 0, 0, 0, 0, 0, 1, 2
"d:\APractce\MALL\mall4v-master\shopAdmin\static\js\@vueuse_core@9.13.0_vue@3.2.47-f8689e2f.js", "JavaScript", 0, 1, 0, 0, 0, 0, 0, 0, 0, 0, 0, 0, 0, 1, 2
"d:\APractce\MALL\mall4v-master\shopAdmin\static\js\@vueuse_shared@9.13.0_vue@3.2.47-4c633672.js", "JavaScript", 0, 1, 0, 0, 0, 0, 0, 0, 0, 0, 0, 0, 0, 1, 2
"d:\APractce\MALL\mall4v-master\shopAdmin\static\js\async-validator@4.2.5-940bb5fd.js", "JavaScript", 0, 12, 0, 0, 0, 0, 0, 0, 0, 0, 0, 0, 0, 1, 13
"d:\APractce\MALL\mall4v-master\shopAdmin\static\js\axios@1.3.4-4a7005d9.js", "JavaScript", 0, 3, 0, 0, 0, 0, 0, 0, 0, 0, 0, 0, 0, 1, 4
"d:\APractce\MALL\mall4v-master\shopAdmin\static\js\call-bind@1.0.7-82cb89a2.js", "JavaScript", 0, 1, 0, 0, 0, 0, 0, 0, 0, 0, 0, 0, 0, 1, 2
"d:\APractce\MALL\mall4v-master\shopAdmin\static\js\crypto-js@4.1.1-0f0eb29b.js", "JavaScript", 0, 3, 0, 0, 0, 0, 0, 0, 0, 0, 0, 0, 11, 1, 15
"d:\APractce\MALL\mall4v-master\shopAdmin\static\js\dayjs@1.11.13-e8f4b8a8.js", "JavaScript", 0, 1, 0, 0, 0, 0, 0, 0, 0, 0, 0, 0, 0, 1, 2
"d:\APractce\MALL\mall4v-master\shopAdmin\static\js\debounce-d39f6322.js", "JavaScript", 0, 1, 0, 0, 0, 0, 0, 0, 0, 0, 0, 0, 0, 1, 2
"d:\APractce\MALL\mall4v-master\shopAdmin\static\js\define-data-property@1.1.4-53ade537.js", "JavaScript", 0, 1, 0, 0, 0, 0, 0, 0, 0, 0, 0, 0, 0, 1, 2
"d:\APractce\MALL\mall4v-master\shopAdmin\static\js\element-plus@2.3.6_vue@3.2.47-2ccbbec5.js", "JavaScript", 0, 45, 0, 0, 0, 0, 0, 0, 0, 0, 0, 0, 0, 1, 46
"d:\APractce\MALL\mall4v-master\shopAdmin\static\js\es-define-property@1.0.0-8178d4b8.js", "JavaScript", 0, 1, 0, 0, 0, 0, 0, 0, 0, 0, 0, 0, 0, 1, 2
"d:\APractce\MALL\mall4v-master\shopAdmin\static\js\es-errors@1.3.0-82fd953f.js", "JavaScript", 0, 1, 0, 0, 0, 0, 0, 0, 0, 0, 0, 0, 0, 1, 2
"d:\APractce\MALL\mall4v-master\shopAdmin\static\js\escape-html@1.0.3-d65727e0.js", "JavaScript", 0, 2, 0, 0, 0, 0, 0, 0, 0, 0, 0, 0, 5, 1, 8
"d:\APractce\MALL\mall4v-master\shopAdmin\static\js\function-bind@1.1.2-61637ca6.js", "JavaScript", 0, 1, 0, 0, 0, 0, 0, 0, 0, 0, 0, 0, 0, 1, 2
"d:\APractce\MALL\mall4v-master\shopAdmin\static\js\get-intrinsic@1.2.4-25c259ca.js", "JavaScript", 0, 1, 0, 0, 0, 0, 0, 0, 0, 0, 0, 0, 0, 1, 2
"d:\APractce\MALL\mall4v-master\shopAdmin\static\js\gopd@1.0.1-6433dd40.js", "JavaScript", 0, 1, 0, 0, 0, 0, 0, 0, 0, 0, 0, 0, 0, 1, 2
"d:\APractce\MALL\mall4v-master\shopAdmin\static\js\has-property-descriptors@1.0.2-f195ed7c.js", "JavaScript", 0, 1, 0, 0, 0, 0, 0, 0, 0, 0, 0, 0, 0, 1, 2
"d:\APractce\MALL\mall4v-master\shopAdmin\static\js\has-proto@1.0.3-1353c55e.js", "JavaScript", 0, 1, 0, 0, 0, 0, 0, 0, 0, 0, 0, 0, 0, 1, 2
"d:\APractce\MALL\mall4v-master\shopAdmin\static\js\has-symbols@1.0.3-8f82dcae.js", "JavaScript", 0, 1, 0, 0, 0, 0, 0, 0, 0, 0, 0, 0, 0, 1, 2
"d:\APractce\MALL\mall4v-master\shopAdmin\static\js\hasown@2.0.2-42bc0a75.js", "JavaScript", 0, 1, 0, 0, 0, 0, 0, 0, 0, 0, 0, 0, 0, 1, 2
"d:\APractce\MALL\mall4v-master\shopAdmin\static\js\icon-Data-37ce314b.js", "JavaScript", 0, 1, 0, 0, 0, 0, 0, 0, 0, 0, 0, 0, 0, 1, 2
"d:\APractce\MALL\mall4v-master\shopAdmin\static\js\icon-Distribution-cb537230.js", "JavaScript", 0, 1, 0, 0, 0, 0, 0, 0, 0, 0, 0, 0, 0, 1, 2
"d:\APractce\MALL\mall4v-master\shopAdmin\static\js\icon-Distribution1-424afd1f.js", "JavaScript", 0, 1, 0, 0, 0, 0, 0, 0, 0, 0, 0, 0, 0, 1, 2
"d:\APractce\MALL\mall4v-master\shopAdmin\static\js\icon-Finance-4ead4f87.js", "JavaScript", 0, 1, 0, 0, 0, 0, 0, 0, 0, 0, 0, 0, 0, 1, 2
"d:\APractce\MALL\mall4v-master\shopAdmin\static\js\icon-Group-5906be48.js", "JavaScript", 0, 1, 0, 0, 0, 0, 0, 0, 0, 0, 0, 0, 0, 1, 2
"d:\APractce\MALL\mall4v-master\shopAdmin\static\js\icon-Live-dfad45dd.js", "JavaScript", 0, 1, 0, 0, 0, 0, 0, 0, 0, 0, 0, 0, 0, 1, 2
"d:\APractce\MALL\mall4v-master\shopAdmin\static\js\icon-Marketing-9078489c.js", "JavaScript", 0, 1, 0, 0, 0, 0, 0, 0, 0, 0, 0, 0, 0, 1, 2
"d:\APractce\MALL\mall4v-master\shopAdmin\static\js\icon-Message-b1b926eb.js", "JavaScript", 0, 1, 0, 0, 0, 0, 0, 0, 0, 0, 0, 0, 0, 1, 2
"d:\APractce\MALL\mall4v-master\shopAdmin\static\js\icon-Platform-68e9254a.js", "JavaScript", 0, 1, 0, 0, 0, 0, 0, 0, 0, 0, 0, 0, 0, 1, 2
"d:\APractce\MALL\mall4v-master\shopAdmin\static\js\icon-Points-4225e5c1.js", "JavaScript", 0, 1, 0, 0, 0, 0, 0, 0, 0, 0, 0, 0, 0, 1, 2
"d:\APractce\MALL\mall4v-master\shopAdmin\static\js\icon-Product-5a1e5897.js", "JavaScript", 0, 1, 0, 0, 0, 0, 0, 0, 0, 0, 0, 0, 0, 1, 2
"d:\APractce\MALL\mall4v-master\shopAdmin\static\js\icon-Resources-8bc6c3ba.js", "JavaScript", 0, 1, 0, 0, 0, 0, 0, 0, 0, 0, 0, 0, 0, 1, 2
"d:\APractce\MALL\mall4v-master\shopAdmin\static\js\icon-Settlement-657f5096.js", "JavaScript", 0, 1, 0, 0, 0, 0, 0, 0, 0, 0, 0, 0, 0, 1, 2
"d:\APractce\MALL\mall4v-master\shopAdmin\static\js\icon-admin-10e2ece9.js", "JavaScript", 0, 1, 0, 0, 0, 0, 0, 0, 0, 0, 0, 0, 0, 1, 2
"d:\APractce\MALL\mall4v-master\shopAdmin\static\js\icon-bianji-b8801b54.js", "JavaScript", 0, 1, 0, 0, 0, 0, 0, 0, 0, 0, 0, 0, 0, 1, 2
"d:\APractce\MALL\mall4v-master\shopAdmin\static\js\icon-config-ace47862.js", "JavaScript", 0, 1, 0, 0, 0, 0, 0, 0, 0, 0, 0, 0, 0, 1, 2
"d:\APractce\MALL\mall4v-master\shopAdmin\static\js\icon-dangdifill-8fbaa89e.js", "JavaScript", 0, 1, 0, 0, 0, 0, 0, 0, 0, 0, 0, 0, 0, 1, 2
"d:\APractce\MALL\mall4v-master\shopAdmin\static\js\icon-daohang-b9b19690.js", "JavaScript", 0, 1, 0, 0, 0, 0, 0, 0, 0, 0, 0, 0, 0, 1, 2
"d:\APractce\MALL\mall4v-master\shopAdmin\static\js\icon-decorate-9cb1f399.js", "JavaScript", 0, 1, 0, 0, 0, 0, 0, 0, 0, 0, 0, 0, 0, 1, 2
"d:\APractce\MALL\mall4v-master\shopAdmin\static\js\icon-duanxin-54f483bc.js", "JavaScript", 0, 1, 0, 0, 0, 0, 0, 0, 0, 0, 0, 0, 0, 1, 2
"d:\APractce\MALL\mall4v-master\shopAdmin\static\js\icon-editor-d425328d.js", "JavaScript", 0, 1, 0, 0, 0, 0, 0, 0, 0, 0, 0, 0, 0, 1, 2
"d:\APractce\MALL\mall4v-master\shopAdmin\static\js\icon-financial-4c8375f4.js", "JavaScript", 0, 1, 0, 0, 0, 0, 0, 0, 0, 0, 0, 0, 0, 1, 2
"d:\APractce\MALL\mall4v-master\shopAdmin\static\js\icon-form-a9240117.js", "JavaScript", 0, 1, 0, 0, 0, 0, 0, 0, 0, 0, 0, 0, 0, 1, 2
"d:\APractce\MALL\mall4v-master\shopAdmin\static\js\icon-geren-3193bce1.js", "JavaScript", 0, 1, 0, 0, 0, 0, 0, 0, 0, 0, 0, 0, 0, 1, 2
"d:\APractce\MALL\mall4v-master\shopAdmin\static\js\icon-goods-6d565e02.js", "JavaScript", 0, 1, 0, 0, 0, 0, 0, 0, 0, 0, 0, 0, 0, 1, 2
"d:\APractce\MALL\mall4v-master\shopAdmin\static\js\icon-inventory-d40b1a4e.js", "JavaScript", 0, 1, 0, 0, 0, 0, 0, 0, 0, 0, 0, 0, 0, 1, 2
"d:\APractce\MALL\mall4v-master\shopAdmin\static\js\icon-jiesuo-765eebf7.js", "JavaScript", 0, 1, 0, 0, 0, 0, 0, 0, 0, 0, 0, 0, 0, 1, 2
"d:\APractce\MALL\mall4v-master\shopAdmin\static\js\icon-job-110ff676.js", "JavaScript", 0, 1, 0, 0, 0, 0, 0, 0, 0, 0, 0, 0, 0, 1, 2
"d:\APractce\MALL\mall4v-master\shopAdmin\static\js\icon-log-3bea7c8f.js", "JavaScript", 0, 1, 0, 0, 0, 0, 0, 0, 0, 0, 0, 0, 0, 1, 2
"d:\APractce\MALL\mall4v-master\shopAdmin\static\js\icon-members-19689099.js", "JavaScript", 0, 1, 0, 0, 0, 0, 0, 0, 0, 0, 0, 0, 0, 1, 2
"d:\APractce\MALL\mall4v-master\shopAdmin\static\js\icon-menu-8f20cf05.js", "JavaScript", 0, 1, 0, 0, 0, 0, 0, 0, 0, 0, 0, 0, 0, 1, 2
"d:\APractce\MALL\mall4v-master\shopAdmin\static\js\icon-msg-tip-2715e8a5.js", "JavaScript", 0, 1, 0, 0, 0, 0, 0, 0, 0, 0, 0, 0, 0, 1, 2
"d:\APractce\MALL\mall4v-master\shopAdmin\static\js\icon-mudedi-81e46592.js", "JavaScript", 0, 1, 0, 0, 0, 0, 0, 0, 0, 0, 0, 0, 0, 1, 2
"d:\APractce\MALL\mall4v-master\shopAdmin\static\js\icon-notice-8b3142d4.js", "JavaScript", 0, 1, 0, 0, 0, 0, 0, 0, 0, 0, 0, 0, 0, 1, 2
"d:\APractce\MALL\mall4v-master\shopAdmin\static\js\icon-order-0f980143.js", "JavaScript", 0, 1, 0, 0, 0, 0, 0, 0, 0, 0, 0, 0, 0, 1, 2
"d:\APractce\MALL\mall4v-master\shopAdmin\static\js\icon-oss-8cbaa54b.js", "JavaScript", 0, 1, 0, 0, 0, 0, 0, 0, 0, 0, 0, 0, 0, 1, 2
"d:\APractce\MALL\mall4v-master\shopAdmin\static\js\icon-pinglun-132f6756.js", "JavaScript", 0, 1, 0, 0, 0, 0, 0, 0, 0, 0, 0, 0, 0, 1, 2
"d:\APractce\MALL\mall4v-master\shopAdmin\static\js\icon-prod-02248017.js", "JavaScript", 0, 1, 0, 0, 0, 0, 0, 0, 0, 0, 0, 0, 0, 1, 2
"d:\APractce\MALL\mall4v-master\shopAdmin\static\js\icon-role-edff2755.js", "JavaScript", 0, 1, 0, 0, 0, 0, 0, 0, 0, 0, 0, 0, 0, 1, 2
"d:\APractce\MALL\mall4v-master\shopAdmin\static\js\icon-set-58fd63fc.js", "JavaScript", 0, 1, 0, 0, 0, 0, 0, 0, 0, 0, 0, 0, 0, 1, 2
"d:\APractce\MALL\mall4v-master\shopAdmin\static\js\icon-shanchu-fb7cb791.js", "JavaScript", 0, 1, 0, 0, 0, 0, 0, 0, 0, 0, 0, 0, 0, 1, 2
"d:\APractce\MALL\mall4v-master\shopAdmin\static\js\icon-shezhi-ec45a815.js", "JavaScript", 0, 1, 0, 0, 0, 0, 0, 0, 0, 0, 0, 0, 0, 1, 2
"d:\APractce\MALL\mall4v-master\shopAdmin\static\js\icon-shoucang-f7fab466.js", "JavaScript", 0, 1, 0, 0, 0, 0, 0, 0, 0, 0, 0, 0, 0, 1, 2
"d:\APractce\MALL\mall4v-master\shopAdmin\static\js\icon-shoucangfill-fa941648.js", "JavaScript", 0, 1, 0, 0, 0, 0, 0, 0, 0, 0, 0, 0, 0, 1, 2
"d:\APractce\MALL\mall4v-master\shopAdmin\static\js\icon-shouye-1a043af1.js", "JavaScript", 0, 1, 0, 0, 0, 0, 0, 0, 0, 0, 0, 0, 0, 1, 2
"d:\APractce\MALL\mall4v-master\shopAdmin\static\js\icon-sousuo-9383820c.js", "JavaScript", 0, 1, 0, 0, 0, 0, 0, 0, 0, 0, 0, 0, 0, 1, 2
"d:\APractce\MALL\mall4v-master\shopAdmin\static\js\icon-sql-aa7e8b2e.js", "JavaScript", 0, 1, 0, 0, 0, 0, 0, 0, 0, 0, 0, 0, 0, 1, 2
"d:\APractce\MALL\mall4v-master\shopAdmin\static\js\icon-store-c58bd5eb.js", "JavaScript", 0, 1, 0, 0, 0, 0, 0, 0, 0, 0, 0, 0, 0, 1, 2
"d:\APractce\MALL\mall4v-master\shopAdmin\static\js\icon-suoding-c7135782.js", "JavaScript", 0, 1, 0, 0, 0, 0, 0, 0, 0, 0, 0, 0, 0, 1, 2
"d:\APractce\MALL\mall4v-master\shopAdmin\static\js\icon-system-ebb3f573.js", "JavaScript", 0, 1, 0, 0, 0, 0, 0, 0, 0, 0, 0, 0, 0, 1, 2
"d:\APractce\MALL\mall4v-master\shopAdmin\static\js\icon-tixing-843ca7a2.js", "JavaScript", 0, 1, 0, 0, 0, 0, 0, 0, 0, 0, 0, 0, 0, 1, 2
"d:\APractce\MALL\mall4v-master\shopAdmin\static\js\icon-tubiao-be7a71d6.js", "JavaScript", 0, 1, 0, 0, 0, 0, 0, 0, 0, 0, 0, 0, 0, 1, 2
"d:\APractce\MALL\mall4v-master\shopAdmin\static\js\icon-vip-5a36857f.js", "JavaScript", 0, 1, 0, 0, 0, 0, 0, 0, 0, 0, 0, 0, 0, 1, 2
"d:\APractce\MALL\mall4v-master\shopAdmin\static\js\icon-xiangqu-5a8bc696.js", "JavaScript", 0, 1, 0, 0, 0, 0, 0, 0, 0, 0, 0, 0, 0, 1, 2
"d:\APractce\MALL\mall4v-master\shopAdmin\static\js\icon-xiangqufill-456d9a81.js", "JavaScript", 0, 1, 0, 0, 0, 0, 0, 0, 0, 0, 0, 0, 0, 1, 2
"d:\APractce\MALL\mall4v-master\shopAdmin\static\js\icon-zhedie-d43e5c3f.js", "JavaScript", 0, 1, 0, 0, 0, 0, 0, 0, 0, 0, 0, 0, 0, 1, 2
"d:\APractce\MALL\mall4v-master\shopAdmin\static\js\icon-zonghe-7a186605.js", "JavaScript", 0, 1, 0, 0, 0, 0, 0, 0, 0, 0, 0, 0, 0, 1, 2
"d:\APractce\MALL\mall4v-master\shopAdmin\static\js\index-06b6492c.js", "JavaScript", 0, 1, 0, 0, 0, 0, 0, 0, 0, 0, 0, 0, 0, 1, 2
"d:\APractce\MALL\mall4v-master\shopAdmin\static\js\index-0a7e9174.js", "JavaScript", 0, 1, 0, 0, 0, 0, 0, 0, 0, 0, 0, 0, 0, 1, 2
"d:\APractce\MALL\mall4v-master\shopAdmin\static\js\index-0abfe176.js", "JavaScript", 0, 1, 0, 0, 0, 0, 0, 0, 0, 0, 0, 0, 0, 1, 2
"d:\APractce\MALL\mall4v-master\shopAdmin\static\js\index-15e8813d.js", "JavaScript", 0, 1, 0, 0, 0, 0, 0, 0, 0, 0, 0, 0, 0, 1, 2
"d:\APractce\MALL\mall4v-master\shopAdmin\static\js\index-1800b261.js", "JavaScript", 0, 1, 0, 0, 0, 0, 0, 0, 0, 0, 0, 0, 0, 1, 2
"d:\APractce\MALL\mall4v-master\shopAdmin\static\js\index-194ee972.js", "JavaScript", 0, 1, 0, 0, 0, 0, 0, 0, 0, 0, 0, 0, 0, 1, 2
"d:\APractce\MALL\mall4v-master\shopAdmin\static\js\index-1ed78fae.js", "JavaScript", 0, 1, 0, 0, 0, 0, 0, 0, 0, 0, 0, 0, 0, 1, 2
"d:\APractce\MALL\mall4v-master\shopAdmin\static\js\index-1f773b17.js", "JavaScript", 0, 1, 0, 0, 0, 0, 0, 0, 0, 0, 0, 0, 0, 1, 2
"d:\APractce\MALL\mall4v-master\shopAdmin\static\js\index-5a45667b.js", "JavaScript", 0, 1, 0, 0, 0, 0, 0, 0, 0, 0, 0, 0, 0, 1, 2
"d:\APractce\MALL\mall4v-master\shopAdmin\static\js\index-771715cc.js", "JavaScript", 0, 1, 0, 0, 0, 0, 0, 0, 0, 0, 0, 0, 0, 1, 2
"d:\APractce\MALL\mall4v-master\shopAdmin\static\js\index-869bb97f.js", "JavaScript", 0, 1, 0, 0, 0, 0, 0, 0, 0, 0, 0, 0, 0, 1, 2
"d:\APractce\MALL\mall4v-master\shopAdmin\static\js\index-8a688371.js", "JavaScript", 0, 1, 0, 0, 0, 0, 0, 0, 0, 0, 0, 0, 0, 1, 2
"d:\APractce\MALL\mall4v-master\shopAdmin\static\js\index-97bef94b.js", "JavaScript", 0, 1, 0, 0, 0, 0, 0, 0, 0, 0, 0, 0, 0, 1, 2
"d:\APractce\MALL\mall4v-master\shopAdmin\static\js\index-a08e6c58.js", "JavaScript", 0, 1, 0, 0, 0, 0, 0, 0, 0, 0, 0, 0, 0, 1, 2
"d:\APractce\MALL\mall4v-master\shopAdmin\static\js\index-a120c152.js", "JavaScript", 0, 1, 0, 0, 0, 0, 0, 0, 0, 0, 0, 0, 0, 1, 2
"d:\APractce\MALL\mall4v-master\shopAdmin\static\js\index-a8b798a1.js", "JavaScript", 0, 1, 0, 0, 0, 0, 0, 0, 0, 0, 0, 0, 0, 1, 2
"d:\APractce\MALL\mall4v-master\shopAdmin\static\js\index-ac6793f4.js", "JavaScript", 0, 6, 0, 0, 0, 0, 0, 0, 0, 0, 0, 0, 0, 1, 7
"d:\APractce\MALL\mall4v-master\shopAdmin\static\js\index-b2d68f11.js", "JavaScript", 0, 1, 0, 0, 0, 0, 0, 0, 0, 0, 0, 0, 0, 1, 2
"d:\APractce\MALL\mall4v-master\shopAdmin\static\js\index-b451e02e.js", "JavaScript", 0, 1, 0, 0, 0, 0, 0, 0, 0, 0, 0, 0, 0, 1, 2
"d:\APractce\MALL\mall4v-master\shopAdmin\static\js\index-de8ff12d.js", "JavaScript", 0, 1, 0, 0, 0, 0, 0, 0, 0, 0, 0, 0, 0, 1, 2
"d:\APractce\MALL\mall4v-master\shopAdmin\static\js\index-ea4cc5c2.js", "JavaScript", 0, 1, 0, 0, 0, 0, 0, 0, 0, 0, 0, 0, 0, 1, 2
"d:\APractce\MALL\mall4v-master\shopAdmin\static\js\index-edf54585.js", "JavaScript", 0, 1, 0, 0, 0, 0, 0, 0, 0, 0, 0, 0, 0, 1, 2
"d:\APractce\MALL\mall4v-master\shopAdmin\static\js\index-f985fad2.js", "JavaScript", 0, 1, 0, 0, 0, 0, 0, 0, 0, 0, 0, 0, 0, 1, 2
"d:\APractce\MALL\mall4v-master\shopAdmin\static\js\lodash-es@4.17.21-53d52778.js", "JavaScript", 0, 19, 0, 0, 0, 0, 0, 0, 0, 0, 0, 0, 1, 1, 21
"d:\APractce\MALL\mall4v-master\shopAdmin\static\js\lodash-unified@1.0.3_@types_lodash-es@4.17.12_lodash-es@4.17.21_lodash@4.17.21-d8bd5cdb.js", "JavaScript", 0, 1, 0, 0, 0, 0, 0, 0, 0, 0, 0, 0, 0, 1, 2
"d:\APractce\MALL\mall4v-master\shopAdmin\static\js\lodash@4.17.21-08c1e7a6.js", "JavaScript", 0, 1, 0, 0, 0, 0, 0, 0, 0, 0, 0, 0, 0, 1, 2
"d:\APractce\MALL\mall4v-master\shopAdmin\static\js\memoize-one@6.0.0-43ba193c.js", "JavaScript", 0, 1, 0, 0, 0, 0, 0, 0, 0, 0, 0, 0, 0, 1, 2
"d:\APractce\MALL\mall4v-master\shopAdmin\static\js\moment@2.29.4-4717c495.js", "JavaScript", 0, 5, 0, 0, 0, 0, 0, 0, 0, 0, 0, 0, 5, 1, 11
"d:\APractce\MALL\mall4v-master\shopAdmin\static\js\normalize-wheel-es@1.2.0-fb80f16a.js", "JavaScript", 0, 2, 0, 0, 0, 0, 0, 0, 0, 0, 0, 0, 12, 1, 15
"d:\APractce\MALL\mall4v-master\shopAdmin\static\js\object-inspect@1.13.3-0d0634c3.js", "JavaScript", 0, 4, 0, 0, 0, 0, 0, 0, 0, 0, 0, 0, 0, 1, 5
"d:\APractce\MALL\mall4v-master\shopAdmin\static\js\pinia@2.0.33_vue@3.2.47-da3f2561.js", "JavaScript", 0, 2, 0, 0, 0, 0, 0, 0, 0, 0, 0, 0, 3, 1, 6
"d:\APractce\MALL\mall4v-master\shopAdmin\static\js\qs@6.11.1-8e85f023.js", "JavaScript", 0, 1, 0, 0, 0, 0, 0, 0, 0, 0, 0, 0, 0, 1, 2
"d:\APractce\MALL\mall4v-master\shopAdmin\static\js\set-function-length@1.2.2-7418ecdf.js", "JavaScript", 0, 1, 0, 0, 0, 0, 0, 0, 0, 0, 0, 0, 0, 1, 2
"d:\APractce\MALL\mall4v-master\shopAdmin\static\js\side-channel@1.0.6-025da103.js", "JavaScript", 0, 1, 0, 0, 0, 0, 0, 0, 0, 0, 0, 0, 0, 1, 2
"d:\APractce\MALL\mall4v-master\shopAdmin\static\js\tinymce\js\tinymce\icons\default\icons.min.js", "JavaScript", 0, 1, 0, 0, 0, 0, 0, 0, 0, 0, 0, 0, 0, 0, 1
"d:\APractce\MALL\mall4v-master\shopAdmin\static\js\tinymce\js\tinymce\jquery.tinymce.min.js", "JavaScript", 0, 34, 0, 0, 0, 0, 0, 0, 0, 0, 0, 0, 57, 0, 91
"d:\APractce\MALL\mall4v-master\shopAdmin\static\js\tinymce\js\tinymce\langs\README.md", "Markdown", 0, 0, 0, 0, 0, 0, 0, 0, 0, 0, 0, 2, 0, 2, 4
"d:\APractce\MALL\mall4v-master\shopAdmin\static\js\tinymce\js\tinymce\langs\zh_CN.js", "JavaScript", 0, 261, 0, 0, 0, 0, 0, 0, 0, 0, 0, 0, 0, 0, 261
"d:\APractce\MALL\mall4v-master\shopAdmin\static\js\tinymce\js\tinymce\plugins\advlist\plugin.min.js", "JavaScript", 0, 1, 0, 0, 0, 0, 0, 0, 0, 0, 0, 0, 8, 0, 9
"d:\APractce\MALL\mall4v-master\shopAdmin\static\js\tinymce\js\tinymce\plugins\anchor\plugin.min.js", "JavaScript", 0, 1, 0, 0, 0, 0, 0, 0, 0, 0, 0, 0, 8, 0, 9
"d:\APractce\MALL\mall4v-master\shopAdmin\static\js\tinymce\js\tinymce\plugins\autolink\plugin.min.js", "JavaScript", 0, 1, 0, 0, 0, 0, 0, 0, 0, 0, 0, 0, 8, 0, 9
"d:\APractce\MALL\mall4v-master\shopAdmin\static\js\tinymce\js\tinymce\plugins\autoresize\plugin.min.js", "JavaScript", 0, 1, 0, 0, 0, 0, 0, 0, 0, 0, 0, 0, 8, 0, 9
"d:\APractce\MALL\mall4v-master\shopAdmin\static\js\tinymce\js\tinymce\plugins\autosave\plugin.min.js", "JavaScript", 0, 1, 0, 0, 0, 0, 0, 0, 0, 0, 0, 0, 8, 0, 9
"d:\APractce\MALL\mall4v-master\shopAdmin\static\js\tinymce\js\tinymce\plugins\bbcode\plugin.min.js", "JavaScript", 0, 1, 0, 0, 0, 0, 0, 0, 0, 0, 0, 0, 8, 0, 9
"d:\APractce\MALL\mall4v-master\shopAdmin\static\js\tinymce\js\tinymce\plugins\charmap\plugin.min.js", "JavaScript", 0, 1, 0, 0, 0, 0, 0, 0, 0, 0, 0, 0, 8, 0, 9
"d:\APractce\MALL\mall4v-master\shopAdmin\static\js\tinymce\js\tinymce\plugins\code\plugin.min.js", "JavaScript", 0, 1, 0, 0, 0, 0, 0, 0, 0, 0, 0, 0, 8, 0, 9
"d:\APractce\MALL\mall4v-master\shopAdmin\static\js\tinymce\js\tinymce\plugins\codesample\plugin.min.js", "JavaScript", 0, 1, 0, 0, 0, 0, 0, 0, 0, 0, 0, 0, 8, 0, 9
"d:\APractce\MALL\mall4v-master\shopAdmin\static\js\tinymce\js\tinymce\plugins\colorpicker\plugin.min.js", "JavaScript", 0, 1, 0, 0, 0, 0, 0, 0, 0, 0, 0, 0, 8, 0, 9
"d:\APractce\MALL\mall4v-master\shopAdmin\static\js\tinymce\js\tinymce\plugins\contextmenu\plugin.min.js", "JavaScript", 0, 1, 0, 0, 0, 0, 0, 0, 0, 0, 0, 0, 8, 0, 9
"d:\APractce\MALL\mall4v-master\shopAdmin\static\js\tinymce\js\tinymce\plugins\directionality\plugin.min.js", "JavaScript", 0, 1, 0, 0, 0, 0, 0, 0, 0, 0, 0, 0, 8, 0, 9
"d:\APractce\MALL\mall4v-master\shopAdmin\static\js\tinymce\js\tinymce\plugins\emoticons\js\emojiimages.js", "JavaScript", 0, 9422, 0, 0, 0, 0, 0, 0, 0, 0, 0, 0, 2, 0, 9424
"d:\APractce\MALL\mall4v-master\shopAdmin\static\js\tinymce\js\tinymce\plugins\emoticons\js\emojiimages.min.js", "JavaScript", 0, 1, 0, 0, 0, 0, 0, 0, 0, 0, 0, 0, 2, 0, 3
"d:\APractce\MALL\mall4v-master\shopAdmin\static\js\tinymce\js\tinymce\plugins\emoticons\js\emojis.js", "JavaScript", 0, 9422, 0, 0, 0, 0, 0, 0, 0, 0, 0, 0, 1, 0, 9423
"d:\APractce\MALL\mall4v-master\shopAdmin\static\js\tinymce\js\tinymce\plugins\emoticons\js\emojis.min.js", "JavaScript", 0, 1, 0, 0, 0, 0, 0, 0, 0, 0, 0, 0, 1, 0, 2
"d:\APractce\MALL\mall4v-master\shopAdmin\static\js\tinymce\js\tinymce\plugins\emoticons\plugin.min.js", "JavaScript", 0, 1, 0, 0, 0, 0, 0, 0, 0, 0, 0, 0, 8, 0, 9
"d:\APractce\MALL\mall4v-master\shopAdmin\static\js\tinymce\js\tinymce\plugins\fullpage\plugin.min.js", "JavaScript", 0, 1, 0, 0, 0, 0, 0, 0, 0, 0, 0, 0, 8, 0, 9
"d:\APractce\MALL\mall4v-master\shopAdmin\static\js\tinymce\js\tinymce\plugins\fullscreen\plugin.min.js", "JavaScript", 0, 1, 0, 0, 0, 0, 0, 0, 0, 0, 0, 0, 8, 0, 9
"d:\APractce\MALL\mall4v-master\shopAdmin\static\js\tinymce\js\tinymce\plugins\help\plugin.min.js", "JavaScript", 0, 1, 0, 0, 0, 0, 0, 0, 0, 0, 0, 0, 8, 0, 9
"d:\APractce\MALL\mall4v-master\shopAdmin\static\js\tinymce\js\tinymce\plugins\hr\plugin.min.js", "JavaScript", 0, 1, 0, 0, 0, 0, 0, 0, 0, 0, 0, 0, 8, 0, 9
"d:\APractce\MALL\mall4v-master\shopAdmin\static\js\tinymce\js\tinymce\plugins\image\plugin.min.js", "JavaScript", 0, 1, 0, 0, 0, 0, 0, 0, 0, 0, 0, 0, 8, 0, 9
"d:\APractce\MALL\mall4v-master\shopAdmin\static\js\tinymce\js\tinymce\plugins\imagetools\plugin.min.js", "JavaScript", 0, 1, 0, 0, 0, 0, 0, 0, 0, 0, 0, 0, 8, 0, 9
"d:\APractce\MALL\mall4v-master\shopAdmin\static\js\tinymce\js\tinymce\plugins\importcss\plugin.min.js", "JavaScript", 0, 1, 0, 0, 0, 0, 0, 0, 0, 0, 0, 0, 8, 0, 9
"d:\APractce\MALL\mall4v-master\shopAdmin\static\js\tinymce\js\tinymce\plugins\insertdatetime\plugin.min.js", "JavaScript", 0, 1, 0, 0, 0, 0, 0, 0, 0, 0, 0, 0, 8, 0, 9
"d:\APractce\MALL\mall4v-master\shopAdmin\static\js\tinymce\js\tinymce\plugins\legacyoutput\plugin.min.js", "JavaScript", 0, 1, 0, 0, 0, 0, 0, 0, 0, 0, 0, 0, 8, 0, 9
"d:\APractce\MALL\mall4v-master\shopAdmin\static\js\tinymce\js\tinymce\plugins\link\plugin.min.js", "JavaScript", 0, 1, 0, 0, 0, 0, 0, 0, 0, 0, 0, 0, 8, 0, 9
"d:\APractce\MALL\mall4v-master\shopAdmin\static\js\tinymce\js\tinymce\plugins\lists\plugin.min.js", "JavaScript", 0, 1, 0, 0, 0, 0, 0, 0, 0, 0, 0, 0, 8, 0, 9
"d:\APractce\MALL\mall4v-master\shopAdmin\static\js\tinymce\js\tinymce\plugins\media\plugin.min.js", "JavaScript", 0, 1, 0, 0, 0, 0, 0, 0, 0, 0, 0, 0, 8, 0, 9
"d:\APractce\MALL\mall4v-master\shopAdmin\static\js\tinymce\js\tinymce\plugins\nonbreaking\plugin.min.js", "JavaScript", 0, 1, 0, 0, 0, 0, 0, 0, 0, 0, 0, 0, 8, 0, 9
"d:\APractce\MALL\mall4v-master\shopAdmin\static\js\tinymce\js\tinymce\plugins\noneditable\plugin.min.js", "JavaScript", 0, 1, 0, 0, 0, 0, 0, 0, 0, 0, 0, 0, 8, 0, 9
"d:\APractce\MALL\mall4v-master\shopAdmin\static\js\tinymce\js\tinymce\plugins\pagebreak\plugin.min.js", "JavaScript", 0, 1, 0, 0, 0, 0, 0, 0, 0, 0, 0, 0, 8, 0, 9
"d:\APractce\MALL\mall4v-master\shopAdmin\static\js\tinymce\js\tinymce\plugins\paste\plugin.min.js", "JavaScript", 0, 1, 0, 0, 0, 0, 0, 0, 0, 0, 0, 0, 8, 0, 9
"d:\APractce\MALL\mall4v-master\shopAdmin\static\js\tinymce\js\tinymce\plugins\preview\plugin.min.js", "JavaScript", 0, 1, 0, 0, 0, 0, 0, 0, 0, 0, 0, 0, 8, 0, 9
"d:\APractce\MALL\mall4v-master\shopAdmin\static\js\tinymce\js\tinymce\plugins\print\plugin.min.js", "JavaScript", 0, 1, 0, 0, 0, 0, 0, 0, 0, 0, 0, 0, 8, 0, 9
"d:\APractce\MALL\mall4v-master\shopAdmin\static\js\tinymce\js\tinymce\plugins\quickbars\plugin.min.js", "JavaScript", 0, 1, 0, 0, 0, 0, 0, 0, 0, 0, 0, 0, 8, 0, 9
"d:\APractce\MALL\mall4v-master\shopAdmin\static\js\tinymce\js\tinymce\plugins\save\plugin.min.js", "JavaScript", 0, 1, 0, 0, 0, 0, 0, 0, 0, 0, 0, 0, 8, 0, 9
"d:\APractce\MALL\mall4v-master\shopAdmin\static\js\tinymce\js\tinymce\plugins\searchreplace\plugin.min.js", "JavaScript", 0, 1, 0, 0, 0, 0, 0, 0, 0, 0, 0, 0, 8, 0, 9
"d:\APractce\MALL\mall4v-master\shopAdmin\static\js\tinymce\js\tinymce\plugins\spellchecker\plugin.min.js", "JavaScript", 0, 1, 0, 0, 0, 0, 0, 0, 0, 0, 0, 0, 8, 0, 9
"d:\APractce\MALL\mall4v-master\shopAdmin\static\js\tinymce\js\tinymce\plugins\tabfocus\plugin.min.js", "JavaScript", 0, 1, 0, 0, 0, 0, 0, 0, 0, 0, 0, 0, 8, 0, 9
"d:\APractce\MALL\mall4v-master\shopAdmin\static\js\tinymce\js\tinymce\plugins\table\plugin.min.js", "JavaScript", 0, 1, 0, 0, 0, 0, 0, 0, 0, 0, 0, 0, 8, 0, 9
"d:\APractce\MALL\mall4v-master\shopAdmin\static\js\tinymce\js\tinymce\plugins\template\plugin.min.js", "JavaScript", 0, 1, 0, 0, 0, 0, 0, 0, 0, 0, 0, 0, 8, 0, 9
"d:\APractce\MALL\mall4v-master\shopAdmin\static\js\tinymce\js\tinymce\plugins\textcolor\plugin.min.js", "JavaScript", 0, 1, 0, 0, 0, 0, 0, 0, 0, 0, 0, 0, 8, 0, 9
"d:\APractce\MALL\mall4v-master\shopAdmin\static\js\tinymce\js\tinymce\plugins\textpattern\plugin.min.js", "JavaScript", 0, 1, 0, 0, 0, 0, 0, 0, 0, 0, 0, 0, 8, 0, 9
"d:\APractce\MALL\mall4v-master\shopAdmin\static\js\tinymce\js\tinymce\plugins\toc\plugin.min.js", "JavaScript", 0, 1, 0, 0, 0, 0, 0, 0, 0, 0, 0, 0, 8, 0, 9
"d:\APractce\MALL\mall4v-master\shopAdmin\static\js\tinymce\js\tinymce\plugins\visualblocks\plugin.min.js", "JavaScript", 0, 1, 0, 0, 0, 0, 0, 0, 0, 0, 0, 0, 8, 0, 9
"d:\APractce\MALL\mall4v-master\shopAdmin\static\js\tinymce\js\tinymce\plugins\visualchars\plugin.min.js", "JavaScript", 0, 1, 0, 0, 0, 0, 0, 0, 0, 0, 0, 0, 8, 0, 9
"d:\APractce\MALL\mall4v-master\shopAdmin\static\js\tinymce\js\tinymce\plugins\wordcount\plugin.min.js", "JavaScript", 0, 1, 0, 0, 0, 0, 0, 0, 0, 0, 0, 0, 8, 0, 9
"d:\APractce\MALL\mall4v-master\shopAdmin\static\js\tinymce\js\tinymce\skins\content\dark\content.min.css", "CSS", 0, 0, 0, 0, 0, 0, 0, 0, 0, 1, 0, 0, 6, 1, 8
"d:\APractce\MALL\mall4v-master\shopAdmin\static\js\tinymce\js\tinymce\skins\content\default\content.min.css", "CSS", 0, 0, 0, 0, 0, 0, 0, 0, 0, 1, 0, 0, 6, 1, 8
"d:\APractce\MALL\mall4v-master\shopAdmin\static\js\tinymce\js\tinymce\skins\content\document\content.min.css", "CSS", 0, 0, 0, 0, 0, 0, 0, 0, 0, 1, 0, 0, 6, 1, 8
"d:\APractce\MALL\mall4v-master\shopAdmin\static\js\tinymce\js\tinymce\skins\content\writer\content.min.css", "CSS", 0, 0, 0, 0, 0, 0, 0, 0, 0, 1, 0, 0, 6, 1, 8
"d:\APractce\MALL\mall4v-master\shopAdmin\static\js\tinymce\js\tinymce\skins\ui\oxide-dark\content.inline.min.css", "CSS", 0, 0, 0, 0, 0, 0, 0, 0, 0, 1, 0, 0, 6, 1, 8
"d:\APractce\MALL\mall4v-master\shopAdmin\static\js\tinymce\js\tinymce\skins\ui\oxide-dark\content.min.css", "CSS", 0, 0, 0, 0, 0, 0, 0, 0, 0, 1, 0, 0, 6, 1, 8
"d:\APractce\MALL\mall4v-master\shopAdmin\static\js\tinymce\js\tinymce\skins\ui\oxide-dark\content.mobile.min.css", "CSS", 0, 0, 0, 0, 0, 0, 0, 0, 0, 1, 0, 0, 6, 1, 8
"d:\APractce\MALL\mall4v-master\shopAdmin\static\js\tinymce\js\tinymce\skins\ui\oxide-dark\skin.min.css", "CSS", 0, 0, 0, 0, 0, 0, 0, 0, 0, 1, 0, 0, 6, 1, 8
"d:\APractce\MALL\mall4v-master\shopAdmin\static\js\tinymce\js\tinymce\skins\ui\oxide-dark\skin.mobile.min.css", "CSS", 0, 0, 0, 0, 0, 0, 0, 0, 0, 1, 0, 0, 6, 1, 8
"d:\APractce\MALL\mall4v-master\shopAdmin\static\js\tinymce\js\tinymce\skins\ui\oxide-dark\skin.shadowdom.min.css", "CSS", 0, 0, 0, 0, 0, 0, 0, 0, 0, 1, 0, 0, 6, 1, 8
"d:\APractce\MALL\mall4v-master\shopAdmin\static\js\tinymce\js\tinymce\skins\ui\oxide\content.inline.min.css", "CSS", 0, 0, 0, 0, 0, 0, 0, 0, 0, 2, 0, 0, 6, 1, 9
"d:\APractce\MALL\mall4v-master\shopAdmin\static\js\tinymce\js\tinymce\skins\ui\oxide\content.min.css", "CSS", 0, 0, 0, 0, 0, 0, 0, 0, 0, 1, 0, 0, 6, 1, 8
"d:\APractce\MALL\mall4v-master\shopAdmin\static\js\tinymce\js\tinymce\skins\ui\oxide\content.mobile.min.css", "CSS", 0, 0, 0, 0, 0, 0, 0, 0, 0, 1, 0, 0, 6, 1, 8
"d:\APractce\MALL\mall4v-master\shopAdmin\static\js\tinymce\js\tinymce\skins\ui\oxide\skin.min.css", "CSS", 0, 0, 0, 0, 0, 0, 0, 0, 0, 1, 0, 0, 6, 1, 8
"d:\APractce\MALL\mall4v-master\shopAdmin\static\js\tinymce\js\tinymce\skins\ui\oxide\skin.mobile.min.css", "CSS", 0, 0, 0, 0, 0, 0, 0, 0, 0, 1, 0, 0, 6, 1, 8
"d:\APractce\MALL\mall4v-master\shopAdmin\static\js\tinymce\js\tinymce\skins\ui\oxide\skin.shadowdom.min.css", "CSS", 0, 0, 0, 0, 0, 0, 0, 0, 0, 1, 0, 0, 6, 1, 8
"d:\APractce\MALL\mall4v-master\shopAdmin\static\js\tinymce\js\tinymce\themes\mobile\theme.min.js", "JavaScript", 0, 1, 0, 0, 0, 0, 0, 0, 0, 0, 0, 0, 8, 0, 9
"d:\APractce\MALL\mall4v-master\shopAdmin\static\js\tinymce\js\tinymce\themes\silver\theme.min.js", "JavaScript", 0, 1, 0, 0, 0, 0, 0, 0, 0, 0, 0, 0, 8, 0, 9
"d:\APractce\MALL\mall4v-master\shopAdmin\static\js\tinymce\js\tinymce\tinymce.d.ts", "TypeScript", 0, 0, 0, 0, 0, 0, 0, 0, 0, 0, 3036, 0, 0, 1, 3037
"d:\APractce\MALL\mall4v-master\shopAdmin\static\js\tinymce\js\tinymce\tinymce.min.js", "JavaScript", 0, 1, 0, 0, 0, 0, 0, 0, 0, 0, 0, 0, 8, 0, 9
"d:\APractce\MALL\mall4v-master\shopAdmin\static\js\vue-cookies@1.8.3-b35a0960.js", "JavaScript", 0, 1, 0, 0, 0, 0, 0, 0, 0, 0, 0, 0, 0, 1, 2
"d:\APractce\MALL\mall4v-master\shopAdmin\static\js\vue-demi@0.14.10_vue@3.2.47-71ba0ef2.js", "JavaScript", 0, 1, 0, 0, 0, 0, 0, 0, 0, 0, 0, 0, 0, 1, 2
"d:\APractce\MALL\mall4v-master\shopAdmin\static\js\vue-router@4.1.6_vue@3.2.47-3725844c.js", "JavaScript", 0, 2, 0, 0, 0, 0, 0, 0, 0, 0, 0, 0, 3, 1, 6
"d:\APractce\MALL\mall4v-master\shopAdmin\static\js\vue@3.2.47-3eac09d8.js", "JavaScript", 0, 1, 0, 0, 0, 0, 0, 0, 0, 0, 0, 0, 0, 1, 2
"d:\APractce\MALL\mall4v-master\shopAdmin\static\svg\icon-Data-1ebb8182.svg", "XML", 0, 0, 0, 0, 0, 1, 0, 0, 0, 0, 0, 0, 0, 0, 1
"d:\APractce\MALL\mall4v-master\shopAdmin\static\svg\icon-Distribution-3748c095.svg", "XML", 0, 0, 0, 0, 0, 3, 0, 0, 0, 0, 0, 0, 0, 1, 4
"d:\APractce\MALL\mall4v-master\shopAdmin\static\svg\icon-Distribution1-9ae4c7c7.svg", "XML", 0, 0, 0, 0, 0, 15, 0, 0, 0, 0, 0, 0, 0, 2, 17
"d:\APractce\MALL\mall4v-master\shopAdmin\static\svg\icon-Finance-0ff2b22f.svg", "XML", 0, 0, 0, 0, 0, 11, 0, 0, 0, 0, 0, 0, 0, 1, 12
"d:\APractce\MALL\mall4v-master\shopAdmin\static\svg\icon-Group-abfae1a0.svg", "XML", 0, 0, 0, 0, 0, 6, 0, 0, 0, 0, 0, 0, 0, 1, 7
"d:\APractce\MALL\mall4v-master\shopAdmin\static\svg\icon-Live-36cc026c.svg", "XML", 0, 0, 0, 0, 0, 27, 0, 0, 0, 0, 0, 0, 0, 1, 28
"d:\APractce\MALL\mall4v-master\shopAdmin\static\svg\icon-Marketing-ad0309cd.svg", "XML", 0, 0, 0, 0, 0, 1, 0, 0, 0, 0, 0, 0, 0, 0, 1
"d:\APractce\MALL\mall4v-master\shopAdmin\static\svg\icon-Message-60c9e86b.svg", "XML", 0, 0, 0, 0, 0, 5, 0, 0, 0, 0, 0, 0, 0, 1, 6
"d:\APractce\MALL\mall4v-master\shopAdmin\static\svg\icon-Platform-7279f532.svg", "XML", 0, 0, 0, 0, 0, 1, 0, 0, 0, 0, 0, 0, 0, 0, 1
"d:\APractce\MALL\mall4v-master\shopAdmin\static\svg\icon-Points-21022600.svg", "XML", 0, 0, 0, 0, 0, 9, 0, 0, 0, 0, 0, 0, 0, 1, 10
"d:\APractce\MALL\mall4v-master\shopAdmin\static\svg\icon-Product-8834b67d.svg", "XML", 0, 0, 0, 0, 0, 8, 0, 0, 0, 0, 0, 0, 0, 1, 9
"d:\APractce\MALL\mall4v-master\shopAdmin\static\svg\icon-Resources-bea96d4e.svg", "XML", 0, 0, 0, 0, 0, 1, 0, 0, 0, 0, 0, 0, 0, 0, 1
"d:\APractce\MALL\mall4v-master\shopAdmin\static\svg\icon-Settlement-4de07597.svg", "XML", 0, 0, 0, 0, 0, 9, 0, 0, 0, 0, 0, 0, 0, 1, 10
"d:\APractce\MALL\mall4v-master\shopAdmin\static\svg\icon-admin-f4863b34.svg", "XML", 0, 0, 0, 0, 0, 1, 0, 0, 0, 0, 0, 0, 0, 0, 1
"d:\APractce\MALL\mall4v-master\shopAdmin\static\svg\icon-bianji-24ecca1c.svg", "XML", 0, 0, 0, 0, 0, 1, 0, 0, 0, 0, 0, 0, 0, 0, 1
"d:\APractce\MALL\mall4v-master\shopAdmin\static\svg\icon-config-01266695.svg", "XML", 0, 0, 0, 0, 0, 1, 0, 0, 0, 0, 0, 0, 0, 0, 1
"d:\APractce\MALL\mall4v-master\shopAdmin\static\svg\icon-dangdifill-69d75b71.svg", "XML", 0, 0, 0, 0, 0, 1, 0, 0, 0, 0, 0, 0, 0, 0, 1
"d:\APractce\MALL\mall4v-master\shopAdmin\static\svg\icon-daohang-13057925.svg", "XML", 0, 0, 0, 0, 0, 1, 0, 0, 0, 0, 0, 0, 0, 0, 1
"d:\APractce\MALL\mall4v-master\shopAdmin\static\svg\icon-decorate-94ae9d30.svg", "XML", 0, 0, 0, 0, 0, 1, 0, 0, 0, 0, 0, 0, 0, 0, 1
"d:\APractce\MALL\mall4v-master\shopAdmin\static\svg\icon-duanxin-f83222d8.svg", "XML", 0, 0, 0, 0, 0, 1, 0, 0, 0, 0, 0, 0, 0, 0, 1
"d:\APractce\MALL\mall4v-master\shopAdmin\static\svg\icon-editor-c3ba17ef.svg", "XML", 0, 0, 0, 0, 0, 1, 0, 0, 0, 0, 0, 0, 0, 0, 1
"d:\APractce\MALL\mall4v-master\shopAdmin\static\svg\icon-financial-b6b7fa64.svg", "XML", 0, 0, 0, 0, 0, 1, 0, 0, 0, 0, 0, 0, 0, 0, 1
"d:\APractce\MALL\mall4v-master\shopAdmin\static\svg\icon-form-b3b790bb.svg", "XML", 0, 0, 0, 0, 0, 8, 0, 0, 0, 0, 0, 0, 0, 1, 9
"d:\APractce\MALL\mall4v-master\shopAdmin\static\svg\icon-geren-f45fddf8.svg", "XML", 0, 0, 0, 0, 0, 1, 0, 0, 0, 0, 0, 0, 0, 0, 1
"d:\APractce\MALL\mall4v-master\shopAdmin\static\svg\icon-goods-7dcd0155.svg", "XML", 0, 0, 0, 0, 0, 1, 0, 0, 0, 0, 0, 0, 0, 0, 1
"d:\APractce\MALL\mall4v-master\shopAdmin\static\svg\icon-inventory-f333a644.svg", "XML", 0, 0, 0, 0, 0, 1, 0, 0, 0, 0, 0, 0, 0, 0, 1
"d:\APractce\MALL\mall4v-master\shopAdmin\static\svg\icon-jiesuo-8c0df469.svg", "XML", 0, 0, 0, 0, 0, 1, 0, 0, 0, 0, 0, 0, 0, 0, 1
"d:\APractce\MALL\mall4v-master\shopAdmin\static\svg\icon-job-0dbab539.svg", "XML", 0, 0, 0, 0, 0, 1, 0, 0, 0, 0, 0, 0, 0, 0, 1
"d:\APractce\MALL\mall4v-master\shopAdmin\static\svg\icon-log-26ff4379.svg", "XML", 0, 0, 0, 0, 0, 5, 0, 0, 0, 0, 0, 0, 0, 1, 6
"d:\APractce\MALL\mall4v-master\shopAdmin\static\svg\icon-members-8a7b42b4.svg", "XML", 0, 0, 0, 0, 0, 1, 0, 0, 0, 0, 0, 0, 0, 0, 1
"d:\APractce\MALL\mall4v-master\shopAdmin\static\svg\icon-menu-76348f87.svg", "XML", 0, 0, 0, 0, 0, 1, 0, 0, 0, 0, 0, 0, 0, 0, 1
"d:\APractce\MALL\mall4v-master\shopAdmin\static\svg\icon-msg-tip-a35117ca.svg", "XML", 0, 0, 0, 0, 0, 18, 0, 0, 0, 0, 0, 0, 0, 1, 19
"d:\APractce\MALL\mall4v-master\shopAdmin\static\svg\icon-mudedi-5a2db329.svg", "XML", 0, 0, 0, 0, 0, 1, 0, 0, 0, 0, 0, 0, 0, 0, 1
"d:\APractce\MALL\mall4v-master\shopAdmin\static\svg\icon-notice-0da71086.svg", "XML", 0, 0, 0, 0, 0, 1, 0, 0, 0, 0, 0, 0, 0, 0, 1
"d:\APractce\MALL\mall4v-master\shopAdmin\static\svg\icon-order-41b566c7.svg", "XML", 0, 0, 0, 0, 0, 1, 0, 0, 0, 0, 0, 0, 0, 0, 1
"d:\APractce\MALL\mall4v-master\shopAdmin\static\svg\icon-oss-33d77e0d.svg", "XML", 0, 0, 0, 0, 0, 1, 0, 0, 0, 0, 0, 0, 0, 0, 1
"d:\APractce\MALL\mall4v-master\shopAdmin\static\svg\icon-pinglun-db6d85d9.svg", "XML", 0, 0, 0, 0, 0, 1, 0, 0, 0, 0, 0, 0, 0, 0, 1
"d:\APractce\MALL\mall4v-master\shopAdmin\static\svg\icon-prod-22105ba2.svg", "XML", 0, 0, 0, 0, 0, 1, 0, 0, 0, 0, 0, 0, 0, 0, 1
"d:\APractce\MALL\mall4v-master\shopAdmin\static\svg\icon-role-63c9641d.svg", "XML", 0, 0, 0, 0, 0, 1, 0, 0, 0, 0, 0, 0, 0, 0, 1
"d:\APractce\MALL\mall4v-master\shopAdmin\static\svg\icon-set-389d5fe4.svg", "XML", 0, 0, 0, 0, 0, 1, 0, 0, 0, 0, 0, 0, 0, 0, 1
"d:\APractce\MALL\mall4v-master\shopAdmin\static\svg\icon-shanchu-bd5eb1d7.svg", "XML", 0, 0, 0, 0, 0, 1, 0, 0, 0, 0, 0, 0, 0, 0, 1
"d:\APractce\MALL\mall4v-master\shopAdmin\static\svg\icon-shezhi-4d9460ab.svg", "XML", 0, 0, 0, 0, 0, 1, 0, 0, 0, 0, 0, 0, 0, 0, 1
"d:\APractce\MALL\mall4v-master\shopAdmin\static\svg\icon-shoucang-8c2bde76.svg", "XML", 0, 0, 0, 0, 0, 1, 0, 0, 0, 0, 0, 0, 0, 0, 1
"d:\APractce\MALL\mall4v-master\shopAdmin\static\svg\icon-shoucangfill-3bd54b8c.svg", "XML", 0, 0, 0, 0, 0, 1, 0, 0, 0, 0, 0, 0, 0, 0, 1
"d:\APractce\MALL\mall4v-master\shopAdmin\static\svg\icon-shouye-fa2b9db9.svg", "XML", 0, 0, 0, 0, 0, 1, 0, 0, 0, 0, 0, 0, 0, 0, 1
"d:\APractce\MALL\mall4v-master\shopAdmin\static\svg\icon-sousuo-4a8328e0.svg", "XML", 0, 0, 0, 0, 0, 1, 0, 0, 0, 0, 0, 0, 0, 0, 1
"d:\APractce\MALL\mall4v-master\shopAdmin\static\svg\icon-sql-a28d6152.svg", "XML", 0, 0, 0, 0, 0, 1, 0, 0, 0, 0, 0, 0, 0, 0, 1
"d:\APractce\MALL\mall4v-master\shopAdmin\static\svg\icon-store-0e290139.svg", "XML", 0, 0, 0, 0, 0, 1, 0, 0, 0, 0, 0, 0, 0, 0, 1
"d:\APractce\MALL\mall4v-master\shopAdmin\static\svg\icon-suoding-77102cf9.svg", "XML", 0, 0, 0, 0, 0, 1, 0, 0, 0, 0, 0, 0, 0, 0, 1
"d:\APractce\MALL\mall4v-master\shopAdmin\static\svg\icon-system-d964780f.svg", "XML", 0, 0, 0, 0, 0, 1, 0, 0, 0, 0, 0, 0, 0, 0, 1
"d:\APractce\MALL\mall4v-master\shopAdmin\static\svg\icon-tixing-f5e98d32.svg", "XML", 0, 0, 0, 0, 0, 1, 0, 0, 0, 0, 0, 0, 0, 0, 1
"d:\APractce\MALL\mall4v-master\shopAdmin\static\svg\icon-tubiao-9570a61a.svg", "XML", 0, 0, 0, 0, 0, 7, 0, 0, 0, 0, 0, 0, 0, 1, 8
"d:\APractce\MALL\mall4v-master\shopAdmin\static\svg\icon-vip-6f488eb6.svg", "XML", 0, 0, 0, 0, 0, 1, 0, 0, 0, 0, 0, 0, 0, 0, 1
"d:\APractce\MALL\mall4v-master\shopAdmin\static\svg\icon-xiangqu-66384877.svg", "XML", 0, 0, 0, 0, 0, 1, 0, 0, 0, 0, 0, 0, 0, 0, 1
"d:\APractce\MALL\mall4v-master\shopAdmin\static\svg\icon-xiangqufill-04d18a9e.svg", "XML", 0, 0, 0, 0, 0, 1, 0, 0, 0, 0, 0, 0, 0, 0, 1
"d:\APractce\MALL\mall4v-master\shopAdmin\static\svg\icon-zhedie-b0e260e2.svg", "XML", 0, 0, 0, 0, 0, 19, 0, 0, 0, 0, 0, 0, 0, 1, 20
"d:\APractce\MALL\mall4v-master\shopAdmin\static\svg\icon-zonghe-5e10cfbe.svg", "XML", 0, 0, 0, 0, 0, 1, 0, 0, 0, 0, 0, 0, 0, 0, 1
"d:\APractce\MALL\mall4v-master\src\App.vue", "Vue", 0, 0, 0, 0, 10, 0, 0, 0, 0, 0, 0, 0, 1, 2, 13
"d:\APractce\MALL\mall4v-master\src\assets\app.scss", "SCSS", 0, 0, 0, 0, 0, 0, 0, 26, 0, 0, 0, 0, 1, 1, 28
"d:\APractce\MALL\mall4v-master\src\assets\img\message.svg", "XML", 0, 0, 0, 0, 0, 1, 0, 0, 0, 0, 0, 0, 0, 0, 1
"d:\APractce\MALL\mall4v-master\src\assets\scss\_base.scss", "SCSS", 0, 0, 0, 0, 0, 0, 0, 330, 0, 0, 0, 0, 17, 24, 371
"d:\APractce\MALL\mall4v-master\src\assets\scss\_normalize.scss", "SCSS", 0, 0, 0, 0, 0, 0, 0, 189, 0, 0, 0, 0, 165, 93, 447
"d:\APractce\MALL\mall4v-master\src\assets\scss\_variables.scss", "SCSS", 0, 0, 0, 0, 0, 0, 0, 5, 0, 0, 0, 0, 5, 4, 14
"d:\APractce\MALL\mall4v-master\src\assets\scss\index.scss", "SCSS", 0, 0, 0, 0, 0, 0, 0, 3, 0, 0, 0, 0, 0, 1, 4
"d:\APractce\MALL\mall4v-master\src\components\mul-pic-upload\index.vue", "Vue", 0, 0, 0, 0, 91, 0, 0, 0, 0, 0, 0, 0, 0, 9, 100
"d:\APractce\MALL\mall4v-master\src\components\pic-upload\index.vue", "Vue", 0, 0, 0, 0, 92, 0, 0, 0, 0, 0, 0, 0, 0, 5, 97
"d:\APractce\MALL\mall4v-master\src\components\prods-select\index.vue", "Vue", 0, 0, 0, 0, 221, 0, 0, 0, 0, 0, 0, 0, 0, 6, 227
"d:\APractce\MALL\mall4v-master\src\components\tiny-mce\dynamicLoadScript.js", "JavaScript", 0, 49, 0, 0, 0, 0, 0, 0, 0, 0, 0, 0, 4, 8, 61
"d:\APractce\MALL\mall4v-master\src\components\tiny-mce\index.vue", "Vue", 0, 0, 0, 0, 212, 0, 0, 0, 0, 0, 0, 0, 2, 14, 228
"d:\APractce\MALL\mall4v-master\src\components\tiny-mce\plugins.js", "JavaScript", 0, 2, 0, 0, 0, 0, 0, 0, 0, 0, 0, 0, 3, 3, 8
"d:\APractce\MALL\mall4v-master\src\components\tiny-mce\toolbar.js", "JavaScript", 0, 2, 0, 0, 0, 0, 0, 0, 0, 0, 0, 0, 2, 3, 7
"d:\APractce\MALL\mall4v-master\src\components\verifition\Verify.vue", "Vue", 0, 0, 0, 0, 428, 0, 0, 0, 0, 0, 0, 0, 1, 33, 462
"d:\APractce\MALL\mall4v-master\src\components\verifition\Verify\VerifyPoints.vue", "Vue", 0, 0, 0, 0, 257, 0, 0, 0, 0, 0, 0, 0, 1, 4, 262
"d:\APractce\MALL\mall4v-master\src\components\verifition\Verify\VerifySlide.vue", "Vue", 0, 0, 0, 0, 451, 0, 0, 0, 0, 0, 0, 0, 1, 13, 465
"d:\APractce\MALL\mall4v-master\src\components\verifition\api\index.js", "JavaScript", 0, 15, 0, 0, 0, 0, 0, 0, 0, 0, 0, 0, 6, 4, 25
"d:\APractce\MALL\mall4v-master\src\components\verifition\utils\ase.js", "JavaScript", 0, 7, 0, 0, 0, 0, 0, 0, 0, 0, 0, 0, 4, 1, 12
"d:\APractce\MALL\mall4v-master\src\components\verifition\utils\axios.js", "JavaScript", 0, 23, 0, 0, 0, 0, 0, 0, 0, 0, 0, 0, 1, 4, 28
"d:\APractce\MALL\mall4v-master\src\components\verifition\utils\util.js", "JavaScript", 0, 29, 0, 0, 0, 0, 0, 0, 0, 0, 0, 0, 0, 7, 36
"d:\APractce\MALL\mall4v-master\src\crud\admin\form.js", "JavaScript", 0, 70, 0, 0, 0, 0, 0, 0, 0, 0, 0, 0, 0, 1, 71
"d:\APractce\MALL\mall4v-master\src\crud\admin\indexImg.js", "JavaScript", 0, 47, 0, 0, 0, 0, 0, 0, 0, 0, 0, 0, 0, 1, 48
"d:\APractce\MALL\mall4v-master\src\crud\admin\message.js", "JavaScript", 0, 52, 0, 0, 0, 0, 0, 0, 0, 0, 0, 0, 0, 1, 53
"d:\APractce\MALL\mall4v-master\src\crud\prod\prodComm.js", "JavaScript", 0, 77, 0, 0, 0, 0, 0, 0, 0, 0, 0, 0, 0, 1, 78
"d:\APractce\MALL\mall4v-master\src\crud\prod\prodList.js", "JavaScript", 0, 58, 0, 0, 0, 0, 0, 0, 0, 0, 0, 0, 0, 2, 60
"d:\APractce\MALL\mall4v-master\src\crud\prod\prodTag.js", "JavaScript", 0, 46, 0, 0, 0, 0, 0, 0, 0, 0, 0, 0, 0, 1, 47
"d:\APractce\MALL\mall4v-master\src\crud\prod\spec.js", "JavaScript", 0, 30, 0, 0, 0, 0, 0, 0, 0, 0, 0, 0, 0, 1, 31
"d:\APractce\MALL\mall4v-master\src\crud\shop\hotSearch.js", "JavaScript", 0, 52, 0, 0, 0, 0, 0, 0, 0, 0, 0, 0, 0, 1, 53
"d:\APractce\MALL\mall4v-master\src\crud\shop\notice.js", "JavaScript", 0, 52, 0, 0, 0, 0, 0, 0, 0, 0, 0, 0, 0, 1, 53
"d:\APractce\MALL\mall4v-master\src\crud\shop\pickAddr.js", "JavaScript", 0, 43, 0, 0, 0, 0, 0, 0, 0, 0, 0, 0, 0, 1, 44
"d:\APractce\MALL\mall4v-master\src\crud\shop\transport.js", "JavaScript", 0, 27, 0, 0, 0, 0, 0, 0, 0, 0, 0, 0, 0, 1, 28
"d:\APractce\MALL\mall4v-master\src\crud\sys\area.js", "JavaScript", 0, 30, 0, 0, 0, 0, 0, 0, 0, 0, 0, 0, 0, 1, 31
"d:\APractce\MALL\mall4v-master\src\crud\sys\config.js", "JavaScript", 0, 33, 0, 0, 0, 0, 0, 0, 0, 0, 0, 0, 0, 1, 34
"d:\APractce\MALL\mall4v-master\src\crud\sys\log.js", "JavaScript", 0, 47, 0, 0, 0, 0, 0, 0, 0, 0, 0, 0, 0, 1, 48
"d:\APractce\MALL\mall4v-master\src\crud\sys\role.js", "JavaScript", 0, 33, 0, 0, 0, 0, 0, 0, 0, 0, 0, 0, 0, 1, 34
"d:\APractce\MALL\mall4v-master\src\crud\sys\user.js", "JavaScript", 0, 49, 0, 0, 0, 0, 0, 0, 0, 0, 0, 0, 0, 2, 51
"d:\APractce\MALL\mall4v-master\src\crud\user\addr.js", "JavaScript", 0, 80, 0, 0, 0, 0, 0, 0, 0, 0, 0, 0, 0, 1, 81
"d:\APractce\MALL\mall4v-master\src\crud\user\user.js", "JavaScript", 0, 52, 0, 0, 0, 0, 0, 0, 0, 0, 0, 0, 1, 1, 54
"d:\APractce\MALL\mall4v-master\src\icons\SvgIcon.vue", "Vue", 0, 0, 0, 0, 43, 0, 0, 0, 0, 0, 0, 0, 0, 5, 48
"d:\APractce\MALL\mall4v-master\src\icons\svg\icon-Data.svg", "XML", 0, 0, 0, 0, 0, 1, 0, 0, 0, 0, 0, 0, 0, 0, 1
"d:\APractce\MALL\mall4v-master\src\icons\svg\icon-Distribution.svg", "XML", 0, 0, 0, 0, 0, 3, 0, 0, 0, 0, 0, 0, 0, 1, 4
"d:\APractce\MALL\mall4v-master\src\icons\svg\icon-Distribution1.svg", "XML", 0, 0, 0, 0, 0, 15, 0, 0, 0, 0, 0, 0, 0, 2, 17
"d:\APractce\MALL\mall4v-master\src\icons\svg\icon-Finance.svg", "XML", 0, 0, 0, 0, 0, 11, 0, 0, 0, 0, 0, 0, 0, 1, 12
"d:\APractce\MALL\mall4v-master\src\icons\svg\icon-Group.svg", "XML", 0, 0, 0, 0, 0, 6, 0, 0, 0, 0, 0, 0, 0, 1, 7
"d:\APractce\MALL\mall4v-master\src\icons\svg\icon-Live.svg", "XML", 0, 0, 0, 0, 0, 27, 0, 0, 0, 0, 0, 0, 0, 1, 28
"d:\APractce\MALL\mall4v-master\src\icons\svg\icon-Marketing.svg", "XML", 0, 0, 0, 0, 0, 1, 0, 0, 0, 0, 0, 0, 0, 0, 1
"d:\APractce\MALL\mall4v-master\src\icons\svg\icon-Message.svg", "XML", 0, 0, 0, 0, 0, 5, 0, 0, 0, 0, 0, 0, 0, 1, 6
"d:\APractce\MALL\mall4v-master\src\icons\svg\icon-Platform.svg", "XML", 0, 0, 0, 0, 0, 1, 0, 0, 0, 0, 0, 0, 0, 0, 1
"d:\APractce\MALL\mall4v-master\src\icons\svg\icon-Points.svg", "XML", 0, 0, 0, 0, 0, 9, 0, 0, 0, 0, 0, 0, 0, 1, 10
"d:\APractce\MALL\mall4v-master\src\icons\svg\icon-Product.svg", "XML", 0, 0, 0, 0, 0, 8, 0, 0, 0, 0, 0, 0, 0, 1, 9
"d:\APractce\MALL\mall4v-master\src\icons\svg\icon-Resources.svg", "XML", 0, 0, 0, 0, 0, 1, 0, 0, 0, 0, 0, 0, 0, 0, 1
"d:\APractce\MALL\mall4v-master\src\icons\svg\icon-Settlement.svg", "XML", 0, 0, 0, 0, 0, 9, 0, 0, 0, 0, 0, 0, 0, 1, 10
"d:\APractce\MALL\mall4v-master\src\icons\svg\icon-admin.svg", "XML", 0, 0, 0, 0, 0, 1, 0, 0, 0, 0, 0, 0, 0, 0, 1
"d:\APractce\MALL\mall4v-master\src\icons\svg\icon-bianji.svg", "XML", 0, 0, 0, 0, 0, 1, 0, 0, 0, 0, 0, 0, 0, 0, 1
"d:\APractce\MALL\mall4v-master\src\icons\svg\icon-config.svg", "XML", 0, 0, 0, 0, 0, 1, 0, 0, 0, 0, 0, 0, 0, 0, 1
"d:\APractce\MALL\mall4v-master\src\icons\svg\icon-dangdifill.svg", "XML", 0, 0, 0, 0, 0, 1, 0, 0, 0, 0, 0, 0, 0, 0, 1
"d:\APractce\MALL\mall4v-master\src\icons\svg\icon-daohang.svg", "XML", 0, 0, 0, 0, 0, 1, 0, 0, 0, 0, 0, 0, 0, 0, 1
"d:\APractce\MALL\mall4v-master\src\icons\svg\icon-decorate.svg", "XML", 0, 0, 0, 0, 0, 1, 0, 0, 0, 0, 0, 0, 0, 0, 1
"d:\APractce\MALL\mall4v-master\src\icons\svg\icon-duanxin.svg", "XML", 0, 0, 0, 0, 0, 1, 0, 0, 0, 0, 0, 0, 0, 0, 1
"d:\APractce\MALL\mall4v-master\src\icons\svg\icon-editor.svg", "XML", 0, 0, 0, 0, 0, 1, 0, 0, 0, 0, 0, 0, 0, 0, 1
"d:\APractce\MALL\mall4v-master\src\icons\svg\icon-financial.svg", "XML", 0, 0, 0, 0, 0, 1, 0, 0, 0, 0, 0, 0, 0, 0, 1
"d:\APractce\MALL\mall4v-master\src\icons\svg\icon-form.svg", "XML", 0, 0, 0, 0, 0, 8, 0, 0, 0, 0, 0, 0, 0, 1, 9
"d:\APractce\MALL\mall4v-master\src\icons\svg\icon-geren.svg", "XML", 0, 0, 0, 0, 0, 1, 0, 0, 0, 0, 0, 0, 0, 0, 1
"d:\APractce\MALL\mall4v-master\src\icons\svg\icon-goods.svg", "XML", 0, 0, 0, 0, 0, 1, 0, 0, 0, 0, 0, 0, 0, 0, 1
"d:\APractce\MALL\mall4v-master\src\icons\svg\icon-inventory.svg", "XML", 0, 0, 0, 0, 0, 1, 0, 0, 0, 0, 0, 0, 0, 0, 1
"d:\APractce\MALL\mall4v-master\src\icons\svg\icon-jiesuo.svg", "XML", 0, 0, 0, 0, 0, 1, 0, 0, 0, 0, 0, 0, 0, 0, 1
"d:\APractce\MALL\mall4v-master\src\icons\svg\icon-job.svg", "XML", 0, 0, 0, 0, 0, 1, 0, 0, 0, 0, 0, 0, 0, 0, 1
"d:\APractce\MALL\mall4v-master\src\icons\svg\icon-log.svg", "XML", 0, 0, 0, 0, 0, 5, 0, 0, 0, 0, 0, 0, 0, 1, 6
"d:\APractce\MALL\mall4v-master\src\icons\svg\icon-members.svg", "XML", 0, 0, 0, 0, 0, 1, 0, 0, 0, 0, 0, 0, 0, 0, 1
"d:\APractce\MALL\mall4v-master\src\icons\svg\icon-menu.svg", "XML", 0, 0, 0, 0, 0, 1, 0, 0, 0, 0, 0, 0, 0, 0, 1
"d:\APractce\MALL\mall4v-master\src\icons\svg\icon-msg-tip.svg", "XML", 0, 0, 0, 0, 0, 18, 0, 0, 0, 0, 0, 0, 0, 1, 19
"d:\APractce\MALL\mall4v-master\src\icons\svg\icon-mudedi.svg", "XML", 0, 0, 0, 0, 0, 1, 0, 0, 0, 0, 0, 0, 0, 0, 1
"d:\APractce\MALL\mall4v-master\src\icons\svg\icon-notice.svg", "XML", 0, 0, 0, 0, 0, 1, 0, 0, 0, 0, 0, 0, 0, 0, 1
"d:\APractce\MALL\mall4v-master\src\icons\svg\icon-order.svg", "XML", 0, 0, 0, 0, 0, 1, 0, 0, 0, 0, 0, 0, 0, 0, 1
"d:\APractce\MALL\mall4v-master\src\icons\svg\icon-oss.svg", "XML", 0, 0, 0, 0, 0, 1, 0, 0, 0, 0, 0, 0, 0, 0, 1
"d:\APractce\MALL\mall4v-master\src\icons\svg\icon-pinglun.svg", "XML", 0, 0, 0, 0, 0, 1, 0, 0, 0, 0, 0, 0, 0, 0, 1
"d:\APractce\MALL\mall4v-master\src\icons\svg\icon-prod.svg", "XML", 0, 0, 0, 0, 0, 1, 0, 0, 0, 0, 0, 0, 0, 0, 1
"d:\APractce\MALL\mall4v-master\src\icons\svg\icon-role.svg", "XML", 0, 0, 0, 0, 0, 1, 0, 0, 0, 0, 0, 0, 0, 0, 1
"d:\APractce\MALL\mall4v-master\src\icons\svg\icon-set.svg", "XML", 0, 0, 0, 0, 0, 1, 0, 0, 0, 0, 0, 0, 0, 0, 1
"d:\APractce\MALL\mall4v-master\src\icons\svg\icon-shanchu.svg", "XML", 0, 0, 0, 0, 0, 1, 0, 0, 0, 0, 0, 0, 0, 0, 1
"d:\APractce\MALL\mall4v-master\src\icons\svg\icon-shezhi.svg", "XML", 0, 0, 0, 0, 0, 1, 0, 0, 0, 0, 0, 0, 0, 0, 1
"d:\APractce\MALL\mall4v-master\src\icons\svg\icon-shoucang.svg", "XML", 0, 0, 0, 0, 0, 1, 0, 0, 0, 0, 0, 0, 0, 0, 1
"d:\APractce\MALL\mall4v-master\src\icons\svg\icon-shoucangfill.svg", "XML", 0, 0, 0, 0, 0, 1, 0, 0, 0, 0, 0, 0, 0, 0, 1
"d:\APractce\MALL\mall4v-master\src\icons\svg\icon-shouye.svg", "XML", 0, 0, 0, 0, 0, 1, 0, 0, 0, 0, 0, 0, 0, 0, 1
"d:\APractce\MALL\mall4v-master\src\icons\svg\icon-sousuo.svg", "XML", 0, 0, 0, 0, 0, 1, 0, 0, 0, 0, 0, 0, 0, 0, 1
"d:\APractce\MALL\mall4v-master\src\icons\svg\icon-sql.svg", "XML", 0, 0, 0, 0, 0, 1, 0, 0, 0, 0, 0, 0, 0, 0, 1
"d:\APractce\MALL\mall4v-master\src\icons\svg\icon-store.svg", "XML", 0, 0, 0, 0, 0, 1, 0, 0, 0, 0, 0, 0, 0, 0, 1
"d:\APractce\MALL\mall4v-master\src\icons\svg\icon-suoding.svg", "XML", 0, 0, 0, 0, 0, 1, 0, 0, 0, 0, 0, 0, 0, 0, 1
"d:\APractce\MALL\mall4v-master\src\icons\svg\icon-system.svg", "XML", 0, 0, 0, 0, 0, 1, 0, 0, 0, 0, 0, 0, 0, 0, 1
"d:\APractce\MALL\mall4v-master\src\icons\svg\icon-tixing.svg", "XML", 0, 0, 0, 0, 0, 1, 0, 0, 0, 0, 0, 0, 0, 0, 1
"d:\APractce\MALL\mall4v-master\src\icons\svg\icon-tubiao.svg", "XML", 0, 0, 0, 0, 0, 7, 0, 0, 0, 0, 0, 0, 0, 1, 8
"d:\APractce\MALL\mall4v-master\src\icons\svg\icon-vip.svg", "XML", 0, 0, 0, 0, 0, 1, 0, 0, 0, 0, 0, 0, 0, 0, 1
"d:\APractce\MALL\mall4v-master\src\icons\svg\icon-xiangqu.svg", "XML", 0, 0, 0, 0, 0, 1, 0, 0, 0, 0, 0, 0, 0, 0, 1
"d:\APractce\MALL\mall4v-master\src\icons\svg\icon-xiangqufill.svg", "XML", 0, 0, 0, 0, 0, 1, 0, 0, 0, 0, 0, 0, 0, 0, 1
"d:\APractce\MALL\mall4v-master\src\icons\svg\icon-zhedie.svg", "XML", 0, 0, 0, 0, 0, 19, 0, 0, 0, 0, 0, 0, 0, 1, 20
"d:\APractce\MALL\mall4v-master\src\icons\svg\icon-zonghe.svg", "XML", 0, 0, 0, 0, 0, 1, 0, 0, 0, 0, 0, 0, 0, 0, 1
"d:\APractce\MALL\mall4v-master\src\layout\main-content.vue", "Vue", 0, 0, 0, 0, 82, 0, 0, 0, 0, 0, 0, 0, 1, 3, 86
"d:\APractce\MALL\mall4v-master\src\layout\main-navbar-update-password.vue", "Vue", 0, 0, 0, 0, 119, 0, 0, 0, 0, 0, 0, 0, 0, 3, 122
"d:\APractce\MALL\mall4v-master\src\layout\main-navbar.vue", "Vue", 0, 0, 0, 0, 157, 0, 0, 0, 0, 0, 0, 0, 8, 8, 173
"d:\APractce\MALL\mall4v-master\src\layout\main-sidebar-sub-menu-item.vue", "Vue", 0, 0, 0, 0, 121, 0, 0, 0, 0, 0, 0, 0, 0, 5, 126
"d:\APractce\MALL\mall4v-master\src\layout\main-sidebar-sub-menu.vue", "Vue", 0, 0, 0, 0, 38, 0, 0, 0, 0, 0, 0, 0, 0, 4, 42
"d:\APractce\MALL\mall4v-master\src\layout\main-sidebar.vue", "Vue", 0, 0, 0, 0, 283, 0, 0, 0, 0, 0, 0, 0, 0, 13, 296
"d:\APractce\MALL\mall4v-master\src\layout\main.vue", "Vue", 0, 0, 0, 0, 56, 0, 0, 0, 0, 0, 0, 0, 0, 4, 60
"d:\APractce\MALL\mall4v-master\src\main.js", "JavaScript", 0, 37, 0, 0, 0, 0, 0, 0, 0, 0, 0, 0, 7, 6, 50
"d:\APractce\MALL\mall4v-master\src\router\index.js", "JavaScript", 0, 192, 0, 0, 0, 0, 0, 0, 0, 0, 0, 0, 18, 7, 217
"d:\APractce\MALL\mall4v-master\src\stores\common.js", "JavaScript", 0, 72, 0, 0, 0, 0, 0, 0, 0, 0, 0, 0, 8, 1, 81
"d:\APractce\MALL\mall4v-master\src\stores\prod.js", "JavaScript", 0, 37, 0, 0, 0, 0, 0, 0, 0, 0, 0, 0, 0, 1, 38
"d:\APractce\MALL\mall4v-master\src\stores\user.js", "JavaScript", 0, 29, 0, 0, 0, 0, 0, 0, 0, 0, 0, 0, 0, 1, 30
"d:\APractce\MALL\mall4v-master\src\styles\_base.scss", "SCSS", 0, 0, 0, 0, 0, 0, 0, 442, 0, 0, 0, 0, 44, 31, 517
"d:\APractce\MALL\mall4v-master\src\styles\_normalize.scss", "SCSS", 0, 0, 0, 0, 0, 0, 0, 187, 0, 0, 0, 0, 165, 93, 445
"d:\APractce\MALL\mall4v-master\src\styles\_variables.scss", "SCSS", 0, 0, 0, 0, 0, 0, 0, 5, 0, 0, 0, 0, 4, 6, 15
"d:\APractce\MALL\mall4v-master\src\styles\element-variables.scss", "SCSS", 0, 0, 0, 0, 0, 0, 0, 6, 0, 0, 0, 0, 1, 1, 8
"d:\APractce\MALL\mall4v-master\src\styles\index.scss", "SCSS", 0, 0, 0, 0, 0, 0, 0, 7, 0, 0, 0, 0, 0, 2, 9
"d:\APractce\MALL\mall4v-master\src\utils\crypto.js", "JavaScript", 0, 12, 0, 0, 0, 0, 0, 0, 0, 0, 0, 0, 1, 2, 15
"d:\APractce\MALL\mall4v-master\src\utils\debounce.js", "JavaScript", 0, 15, 0, 0, 0, 0, 0, 0, 0, 0, 0, 0, 1, 4, 20
"d:\APractce\MALL\mall4v-master\src\utils\http.js", "JavaScript", 0, 138, 0, 0, 0, 0, 0, 0, 0, 0, 0, 0, 41, 12, 191
"d:\APractce\MALL\mall4v-master\src\utils\index.js", "JavaScript", 0, 78, 0, 0, 0, 0, 0, 0, 0, 0, 0, 0, 26, 6, 110
"d:\APractce\MALL\mall4v-master\src\utils\unitOption.js", "JavaScript", 0, 102, 0, 0, 0, 0, 0, 0, 0, 0, 0, 0, 0, 1, 103
"d:\APractce\MALL\mall4v-master\src\utils\validate.js", "JavaScript", 0, 19, 0, 0, 0, 0, 0, 0, 0, 0, 0, 0, 25, 6, 50
"d:\APractce\MALL\mall4v-master\src\views\common\error-page\404.vue", "Vue", 0, 0, 0, 0, 69, 0, 0, 0, 0, 0, 0, 0, 0, 3, 72
"d:\APractce\MALL\mall4v-master\src\views\common\home\index.vue", "Vue", 0, 0, 0, 0, 133, 0, 0, 0, 0, 0, 0, 0, 0, 2, 135
"d:\APractce\MALL\mall4v-master\src\views\common\login\index.vue", "Vue", 0, 0, 0, 0, 191, 0, 0, 0, 0, 0, 0, 0, 0, 9, 200
"d:\APractce\MALL\mall4v-master\src\views\modules\admin\indexImg\add-or-update.vue", "Vue", 0, 0, 0, 0, 248, 0, 0, 0, 0, 0, 0, 0, 1, 5, 254
"d:\APractce\MALL\mall4v-master\src\views\modules\admin\indexImg\index.vue", "Vue", 0, 0, 0, 0, 170, 0, 0, 0, 0, 0, 0, 0, 1, 7, 178
"d:\APractce\MALL\mall4v-master\src\views\modules\order\order\components\consignment-info.vue", "Vue", 0, 0, 0, 0, 98, 0, 0, 0, 0, 0, 0, 0, 1, 3, 102
"d:\APractce\MALL\mall4v-master\src\views\modules\order\order\components\order-devy.vue", "Vue", 0, 0, 0, 0, 119, 0, 0, 0, 0, 0, 0, 0, 0, 6, 125
"d:\APractce\MALL\mall4v-master\src\views\modules\order\order\components\order-info.vue", "Vue", 0, 0, 0, 0, 510, 0, 0, 0, 0, 0, 0, 0, 1, 9, 520
"d:\APractce\MALL\mall4v-master\src\views\modules\order\order\index.vue", "Vue", 0, 0, 0, 0, 529, 0, 0, 0, 0, 0, 0, 0, 2, 29, 560
"d:\APractce\MALL\mall4v-master\src\views\modules\prod\category\add-or-update.vue", "Vue", 0, 0, 0, 0, 215, 0, 0, 0, 0, 0, 0, 0, 0, 4, 219
"d:\APractce\MALL\mall4v-master\src\views\modules\prod\category\index.vue", "Vue", 0, 0, 0, 0, 171, 0, 0, 0, 0, 0, 0, 0, 1, 7, 179
"d:\APractce\MALL\mall4v-master\src\views\modules\prod\prodComm\add-or-update.vue", "Vue", 0, 0, 0, 0, 211, 0, 0, 0, 0, 0, 0, 0, 0, 9, 220
"d:\APractce\MALL\mall4v-master\src\views\modules\prod\prodComm\index.vue", "Vue", 0, 0, 0, 0, 116, 0, 0, 0, 0, 0, 0, 0, 0, 7, 123
"d:\APractce\MALL\mall4v-master\src\views\modules\prod\prodInfo\components\prod-transport.vue", "Vue", 0, 0, 0, 0, 154, 0, 0, 0, 0, 0, 0, 0, 0, 6, 160
"d:\APractce\MALL\mall4v-master\src\views\modules\prod\prodInfo\components\sku-table.vue", "Vue", 0, 0, 0, 0, 237, 0, 0, 0, 0, 0, 0, 0, 0, 10, 247
"d:\APractce\MALL\mall4v-master\src\views\modules\prod\prodInfo\components\sku-tag.vue", "Vue", 0, 0, 0, 0, 514, 0, 0, 0, 0, 0, 0, 0, 0, 21, 535
"d:\APractce\MALL\mall4v-master\src\views\modules\prod\prodInfo\index.vue", "Vue", 0, 0, 0, 0, 336, 0, 0, 0, 0, 0, 0, 0, 0, 9, 345
"d:\APractce\MALL\mall4v-master\src\views\modules\prod\prodList\index.vue", "Vue", 0, 0, 0, 0, 175, 0, 0, 0, 0, 0, 0, 0, 0, 7, 182
"d:\APractce\MALL\mall4v-master\src\views\modules\prod\prodTag\add-or-update.vue", "Vue", 0, 0, 0, 0, 140, 0, 0, 0, 0, 0, 0, 0, 0, 6, 146
"d:\APractce\MALL\mall4v-master\src\views\modules\prod\prodTag\index.vue", "Vue", 0, 0, 0, 0, 147, 0, 0, 0, 0, 0, 0, 0, 0, 10, 157
"d:\APractce\MALL\mall4v-master\src\views\modules\prod\spec\add-or-update.vue", "Vue", 0, 0, 0, 0, 184, 0, 0, 0, 0, 0, 0, 0, 0, 7, 191
"d:\APractce\MALL\mall4v-master\src\views\modules\prod\spec\index.vue", "Vue", 0, 0, 0, 0, 150, 0, 0, 0, 0, 0, 0, 0, 1, 11, 162
"d:\APractce\MALL\mall4v-master\src\views\modules\shop\hotSearch\add-or-update.vue", "Vue", 0, 0, 0, 0, 158, 0, 0, 0, 0, 0, 0, 0, 0, 6, 164
"d:\APractce\MALL\mall4v-master\src\views\modules\shop\hotSearch\index.vue", "Vue", 0, 0, 0, 0, 161, 0, 0, 0, 0, 0, 0, 0, 1, 9, 171
"d:\APractce\MALL\mall4v-master\src\views\modules\shop\notice\add-or-update.vue", "Vue", 0, 0, 0, 0, 142, 0, 0, 0, 0, 0, 0, 0, 0, 7, 149
"d:\APractce\MALL\mall4v-master\src\views\modules\shop\notice\index.vue", "Vue", 0, 0, 0, 0, 145, 0, 0, 0, 0, 0, 0, 0, 0, 9, 154
"d:\APractce\MALL\mall4v-master\src\views\modules\shop\pickAddr\add-or-update.vue", "Vue", 0, 0, 0, 0, 284, 0, 0, 0, 0, 0, 0, 0, 0, 6, 290
"d:\APractce\MALL\mall4v-master\src\views\modules\shop\pickAddr\index.vue", "Vue", 0, 0, 0, 0, 157, 0, 0, 0, 0, 0, 0, 0, 1, 9, 167
"d:\APractce\MALL\mall4v-master\src\views\modules\shop\transport\add-or-update.vue", "Vue", 0, 0, 0, 0, 543, 0, 0, 0, 0, 0, 0, 0, 1, 21, 565
"d:\APractce\MALL\mall4v-master\src\views\modules\shop\transport\index.vue", "Vue", 0, 0, 0, 0, 156, 0, 0, 0, 0, 0, 0, 0, 1, 11, 168
"d:\APractce\MALL\mall4v-master\src\views\modules\sys\area\add-or-update.vue", "Vue", 0, 0, 0, 0, 145, 0, 0, 0, 0, 0, 0, 0, 0, 6, 151
"d:\APractce\MALL\mall4v-master\src\views\modules\sys\area\index.vue", "Vue", 0, 0, 0, 0, 152, 0, 0, 0, 0, 0, 0, 0, 0, 14, 166
"d:\APractce\MALL\mall4v-master\src\views\modules\sys\config\add-or-update.vue", "Vue", 0, 0, 0, 0, 123, 0, 0, 0, 0, 0, 0, 0, 0, 2, 125
"d:\APractce\MALL\mall4v-master\src\views\modules\sys\config\index.vue", "Vue", 0, 0, 0, 0, 138, 0, 0, 0, 0, 0, 0, 0, 1, 6, 145
"d:\APractce\MALL\mall4v-master\src\views\modules\sys\log\index.vue", "Vue", 0, 0, 0, 0, 53, 0, 0, 0, 0, 0, 0, 0, 0, 5, 58
"d:\APractce\MALL\mall4v-master\src\views\modules\sys\menu\add-or-update.vue", "Vue", 0, 0, 0, 0, 293, 0, 0, 0, 0, 0, 0, 0, 0, 7, 300
"d:\APractce\MALL\mall4v-master\src\views\modules\sys\menu\index.vue", "Vue", 0, 0, 0, 0, 189, 0, 0, 0, 0, 0, 0, 0, 1, 8, 198
"d:\APractce\MALL\mall4v-master\src\views\modules\sys\role\add-or-update.vue", "Vue", 0, 0, 0, 0, 148, 0, 0, 0, 0, 0, 0, 0, 0, 4, 152
"d:\APractce\MALL\mall4v-master\src\views\modules\sys\role\index.vue", "Vue", 0, 0, 0, 0, 146, 0, 0, 0, 0, 0, 0, 0, 1, 7, 154
"d:\APractce\MALL\mall4v-master\src\views\modules\sys\user\add-or-update.vue", "Vue", 0, 0, 0, 0, 239, 0, 0, 0, 0, 0, 0, 0, 0, 7, 246
"d:\APractce\MALL\mall4v-master\src\views\modules\sys\user\index.vue", "Vue", 0, 0, 0, 0, 146, 0, 0, 0, 0, 0, 0, 0, 1, 9, 156
"d:\APractce\MALL\mall4v-master\src\views\modules\user\user\add-or-update.vue", "Vue", 0, 0, 0, 0, 134, 0, 0, 0, 0, 0, 0, 0, 0, 6, 140
"d:\APractce\MALL\mall4v-master\src\views\modules\user\user\index.vue", "Vue", 0, 0, 0, 0, 111, 0, 0, 0, 0, 0, 0, 0, 1, 9, 121
"d:\APractce\MALL\mall4v-master\tsconfig.json", "JSON with Comments", 0, 0, 0, 0, 0, 0, 0, 0, 15, 0, 0, 0, 0, 0, 15
"d:\APractce\MALL\mall4v-master\vite.config.js", "JavaScript", 0, 87, 0, 0, 0, 0, 0, 0, 0, 0, 0, 0, 8, 3, 98
"Total", "-", 17, 40493, 160, 81, 11241, 387, 3, 1200, 15, 48, 6072, 51, 1723, 1111, 62602